perplexity,auc_rnx,bic,cca_stress,kl_divergence,mds_isotonic,pearsonr,sammon_nlm
1,0.26888719986121373,1.616146264822881,947126.2628421676,0.805547994080687,0.9983858142420696,0.04352975503395773,0.33872659828807405
2,0.4349933982102323,1.7661902821731645,950824.6176522106,0.8780448644250753,0.9878705220733152,0.032041064389812426,0.3332419965546906
3,0.490848589195867,1.593738250273586,905604.4275676925,0.7892937101445325,0.9692214413363979,0.09114735379014938,0.32245069202188553
4,0.516153499482486,1.4607426519575226,886068.827049508,0.7202707726557473,0.9636239810000593,0.12458442075939061,0.3188967238813008
5,0.5374447754670457,1.4050140556254358,863910.1011092435,0.6898813361589504,0.9597446190209658,0.11390420844012333,0.32245394772986863
6,0.5447698039769395,1.311123397666185,890123.0051270481,0.6404108688485716,0.9599492223414006,0.0910331660032631,0.3316212192302299
7,0.5581662967182157,1.2677379170353034,861911.7764419522,0.6161929902023773,0.9521577928358878,0.12935856273220456,0.31961983637520924
8,0.5650897797789872,1.2422628630646888,830468.5757956016,0.6009303248863165,0.9482704537465586,0.1640693156803525,0.3183325960230061
9,0.5704109618614068,1.1706355231064591,819109.5967695704,0.5625915165764481,0.9397608033833272,0.19425713492750818,0.3148109130813157
10,0.5775672846879804,1.168358928597237,773482.1654952953,0.5589280809910836,0.9335874947276902,0.2322596847378107,0.3126405758178397
11,0.5820489952025434,1.1070521876575912,784198.5195192676,0.5257495721905072,0.9327490361787695,0.21881379972097337,0.31692985146206104
12,0.583878937304494,1.097978591341465,774739.5205553982,0.5186876357016906,0.9310008472147153,0.22695410833903074,0.31406583828380513
13,0.5808119324325086,1.085535326102098,784204.2266589284,0.5099408647512536,0.9288637520953821,0.21549550835940431,0.31477831914957477
14,0.5829524031677741,1.0576512868260632,793228.7767900778,0.4934737067824828,0.9272312155782574,0.21432172132568317,0.31489135160415727
15,0.5823069361974736,1.0676910286867334,785950.1708963455,0.4959684393820643,0.9241502966089575,0.2257023641571511,0.3167284243641266
16,0.5860129079614746,1.052083889776676,774906.2478092214,0.48563973159628215,0.9176979909664744,0.22955543152453256,0.3130853827758557
17,0.5895852689888879,1.0551069585329602,755416.1565266538,0.48462612764367086,0.9119269491458833,0.2456894076770805,0.3110637781989382
18,0.5914117307379917,1.0251277408052695,747483.6558625265,0.46711138044907197,0.9157447472792957,0.24783108736780068,0.31263982032448046
19,0.5927055900673553,1.0139554398012192,755608.1450472396,0.4590000916162933,0.9139915898234533,0.24319727972015742,0.31656687125383715
20,0.5927607217202937,1.0296564784590239,744812.0023944597,0.4643254726144421,0.9104530681842276,0.2549925393588496,0.31259967072921585
21,0.5936956334797566,1.0179189170194705,731028.4954839922,0.455931553563912,0.9132718650085978,0.2629483747639668,0.3201677743449406
22,0.5946592710709486,1.0098826037665394,723703.0239089018,0.44938825860669296,0.9110378325611876,0.27656045498983967,0.31659043019462474
23,0.6003136269785115,1.008426003575942,720640.6053571414,0.44613482018064077,0.9037849588368824,0.2776667176261319,0.3193182332136981
24,0.6016810340736706,1.008961641456454,704266.8048072595,0.4438775007901432,0.9054659191078168,0.27854169369038384,0.31993559594206455
25,0.603055322297058,1.030668385524751,686588.6233591847,0.45220573449353824,0.9040662377210434,0.28263557775454784,0.32037287302294043
26,0.6056444615703489,1.0180148140392982,683292.9211498061,0.4433538104200584,0.9052789004540844,0.2843284719494794,0.3246420305231753
27,0.601584678495079,1.0325790713663117,699066.4532803441,0.4481108007528116,0.9063223543437162,0.285171063462531,0.3200109291170962
28,0.601718904623383,1.021855518273147,686376.4045301205,0.4402238858754759,0.901771001814104,0.2926163135075572,0.323848484129485
29,0.6037153053890761,1.0356871533870797,685888.6687780623,0.44461456510168873,0.9049749972215642,0.2845766329968023,0.3190983954762215
30,0.6065030002509137,1.034736547438508,676661.1181633316,0.4416141237966494,0.9009541573321458,0.29808608130642045,0.3203059526064062
31,0.6056319661480577,1.0384140103094817,680795.716560373,0.44092771690138266,0.9018173337494299,0.29237388809966025,0.3203800590535862
32,0.6021188925085504,1.0437921320211343,684534.6603281526,0.44109163942645546,0.9044844542832491,0.28588537609002407,0.3225724308807521
33,0.6063291848401783,1.0368396512313482,678142.6825984052,0.435090260700809,0.9099942464089427,0.2762099017534746,0.33327503980084844
34,0.6077361658740335,1.027860055277365,658323.5152254048,0.42807532439306384,0.8831968462853799,0.3340382904239258,0.3128504608636673
35,0.6063454500178032,1.0285706982407272,676297.9662952888,0.4259055075439915,0.8871622411943891,0.31766709828498824,0.32556426222861795
36,0.6133622414127186,0.9995096548428144,647807.1691311323,0.40884984751428166,0.889284441592375,0.3212308187731512,0.33428493527269265
37,0.6143139345100289,1.0047359779715657,644933.6438228802,0.4089378707479038,0.8845407439297434,0.3289657831379664,0.3270723029942071
38,0.6105288127801692,1.025369766769305,665045.7021100929,0.4167296268160199,0.8915516108914067,0.31381261562724383,0.3218543139261091
39,0.6078903170470177,1.0135591670605504,659534.6795003396,0.40829918863088915,0.8915723831956869,0.3147975002613852,0.3229973783180522
40,0.6131778698197616,1.005869423160071,647572.4448596172,0.40192917834989605,0.8852887193265565,0.32443434393309506,0.32599681055495633
41,0.6133604527378193,1.016020022252647,637829.8605977402,0.4044793395654305,0.8828702291329849,0.33033776862585623,0.3284475854384765
42,0.6114882746460558,1.023775765067284,646233.122103778,0.40583207264199556,0.8832596325890357,0.32423480322933806,0.32573517405879276
43,0.6115717427047503,1.0315488019794685,643967.4087367568,0.40719345276733426,0.883851901330001,0.33002733973986875,0.3232412315565978
44,0.6150443827528476,1.0108330856930103,629665.4120863944,0.3943104562933517,0.8841094415766372,0.32848636008062965,0.33186213611358684
45,0.615426905929399,1.0357102135765113,622780.6976066479,0.4042238819043486,0.8844955005167475,0.33437833154408325,0.3362197754331482
46,0.6105276012978759,1.038470003408607,647697.0352706818,0.403078638489643,0.8920705843983935,0.31598645823493743,0.32514180351339605
47,0.6142537638599638,1.0146551318621548,637733.2420301063,0.38864606438566346,0.8861808887880681,0.3199641493590755,0.33007948187615394
48,0.6072065883332504,1.0298616687403355,654371.6565250634,0.39372419449400026,0.8840140916319609,0.31902498817698105,0.32344511295268913
49,0.6099756880864673,1.0461519779963218,631124.5147630806,0.39934421079124,0.8808942167682062,0.3330487514044212,0.3288035099117109
50,0.6106306188856286,1.0570199870530481,628885.9747007905,0.40225307698884966,0.882437423184905,0.3377396774908679,0.3283881932697539
51,0.6082391159376804,1.0586677769554178,623482.3048133568,0.40055183360928104,0.8804798098000571,0.34048255302391806,0.33118987544342304
52,0.6066300041818924,1.0572212867622368,611910.3273243664,0.397303450181937,0.8799763446417361,0.3516861203174514,0.33519881576788896
53,0.6067793724780983,1.060424213464164,625119.7004140177,0.3963797752021471,0.8750858106721622,0.3527132664204028,0.3290412842788203
54,0.6141346867887746,1.0528048330078679,613459.2308441999,0.3900449466432455,0.8573039223848529,0.3816570379080723,0.32799937940921464
55,0.6037922647783279,1.0567792136786966,614121.1256118051,0.3895069986479065,0.8552900780005069,0.3856192011177348,0.3165773883892927
56,0.6066956609274293,1.0531652000974834,605369.9432694012,0.3851748535265464,0.8538397208480595,0.3935016990931745,0.31706349790871263
57,0.6118944745345616,1.070860788894934,602820.554293059,0.3914975095945181,0.8530196265598395,0.39625909415490096,0.3204139787650697
58,0.6115967957090741,1.0806052472971817,576802.4028517568,0.3938446004648885,0.8425589795061944,0.42547810015465176,0.3193081570104211
59,0.608721077069762,1.0854291868877715,593455.1645107252,0.39373143192942994,0.8464846416801455,0.40311918889197496,0.3214167862936183
60,0.6051040827492103,1.0871157148343968,588747.8628875776,0.39204955757198906,0.8526035901202468,0.39938874060180124,0.3210752710935207
61,0.6054108910595988,1.1056067940452996,589319.4056311875,0.39876995884668703,0.8470375454924027,0.41272843011618265,0.32253814508905715
62,0.6045126414747992,1.1023478467303904,570998.8293066015,0.39461534685847893,0.8425981506221268,0.43116023535270137,0.319656527575671
63,0.6055745752726137,1.1119722353812753,577261.5872217012,0.39690240285316786,0.8400219415517759,0.42371323718867415,0.3219016040569653
64,0.6033872712964063,1.0945222540160742,576152.997756467,0.3856522738398138,0.8382913273104012,0.41884681038594185,0.3278127094417559
65,0.6052092271521794,1.102526883643325,567210.5085127745,0.3871294503226858,0.8347407662190522,0.42567759489035456,0.330554126890816
66,0.6044854916105884,1.1188052615103887,581233.0450182364,0.3927435009254642,0.8451634291189777,0.4102203414566277,0.3334501870272908
67,0.6043758431063849,1.140664164956754,553549.237996357,0.40114781431789326,0.8348695722492107,0.43479209689614673,0.3278949022973594
68,0.5985130361531679,1.1026437719609516,604805.4331510407,0.37961247948923865,0.8281870499502479,0.4107730203252253,0.3293464192877381
69,0.6009270847575001,1.1106090883103548,612236.4452626595,0.3810699993331867,0.8347105701658909,0.39995326191272995,0.3331712184726262
70,0.5977927312822151,1.1229930337750709,606895.7181429084,0.3847368337347912,0.8280069010684661,0.4099275687105662,0.3308360040097387
71,0.6002323126395225,1.134792532726964,607385.7442681078,0.3881114448799842,0.8371040798487037,0.3970715977110117,0.3434405680022266
72,0.5999737059829272,1.166628028231842,564448.2992631963,0.4015040543016698,0.8263605489418138,0.42745008857371586,0.345638254344991
73,0.6022972162814965,1.1756075315500356,543548.0673979057,0.4034686676300131,0.806476471265852,0.47636607265814834,0.3273595466411866
74,0.5954170667841346,1.180349204445522,549844.0786071997,0.40331436574700275,0.8078840446667167,0.4733574560936401,0.32099572733897375
75,0.5956417393463589,1.205144232939814,546049.6960846127,0.4131867416633954,0.8070106709727033,0.47107296566090834,0.32677287407228844
76,0.5960895701466624,1.1996009649422832,539348.9935526564,0.4078899693338765,0.8238972074310261,0.44666989244566796,0.3510695751823533
77,0.5975851129295439,1.1970709457391155,538824.4304201377,0.4040998214015392,0.8136162657790966,0.46549931284347074,0.3335933031120658
78,0.601061377852958,1.1838680829033827,528146.9882513981,0.3949732516529193,0.8146335381681178,0.46778692508746134,0.33488049543549236
79,0.596716672110241,1.2243959526904975,526156.2475634498,0.4127120482157231,0.8147096582948176,0.47258192745744626,0.3407642966473225
80,0.5995999353276554,1.2005764015166953,532342.3454345306,0.39827713429806855,0.801429818946984,0.4829713200969434,0.3284845810306788
81,0.6035185419344735,1.2243264872481654,533790.8368106827,0.40762703883305007,0.8078129626865843,0.47285395235776906,0.33482558658581835
82,0.5955570069835177,1.227206848299307,543680.470825356,0.4065420810278675,0.8156777579423093,0.4510213444629974,0.3359568523615443
83,0.5960818023672676,1.197913010855966,534329.6536577097,0.38937002397544346,0.8165798112415156,0.4564513288253824,0.3433124590310874
84,0.5941736672230591,1.222596264169621,525608.0412142891,0.3991865123015175,0.8112514148665285,0.47107600244129993,0.33889207839471247
85,0.5925025782356231,1.2432009117799192,560750.3928533916,0.40696369777591307,0.8300034834944316,0.4257273948229034,0.3580336075693449
86,0.5912921576806913,1.2285588595579777,550352.6822484338,0.3971175333341888,0.8216118522648315,0.45332672448083283,0.33145164994834125
87,0.600255521437521,1.206701574845545,544255.6492004066,0.383663752647219,0.8229219659239504,0.4457693633030124,0.35601854869541105
88,0.5979617437783925,1.2077811139191446,548658.4836899765,0.38167838385326525,0.8287240608828335,0.4403635999704624,0.35891680778306906
89,0.5971280693312128,1.2545256567744956,546217.8437278434,0.4025255169501873,0.8248374916612046,0.4411872997348663,0.3625063931080825
90,0.5983442480796314,1.2443495101560758,547474.8697018768,0.39491230531022387,0.8294516337055612,0.4330848546565281,0.3804106751491175
91,0.5909288084687938,1.2353067654640044,558609.8021232943,0.38786579463343474,0.84194376601739,0.410886289328223,0.38004703239309406
92,0.5918486467557038,1.233183217463509,563722.0678341326,0.3842788823024335,0.8459832162566554,0.40488337956597065,0.38354550038726637
93,0.5888364902747153,1.2627104179121542,576609.448198606,0.3965173441960027,0.8448592871155681,0.404255579053719,0.37264661144994604
94,0.5894575226647313,1.2512799871031146,566303.9986491213,0.38827699046072933,0.8434383683847846,0.40408243668436755,0.37323706649362975
95,0.5900846164612861,1.2769642026337618,569417.5862397081,0.3985939598952995,0.8433419697704282,0.405470728587068,0.3693226837454403
96,0.5901811626338976,1.253671669376542,573125.5949369322,0.38442255493593613,0.8464165665171053,0.3982572591394518,0.37808969505163614
97,0.5951691037105437,1.3123647361688187,517240.6925118865,0.41124395000132097,0.8141145377598548,0.46144703530042175,0.3537358524431885
98,0.5998572948559351,1.2386142878890858,530409.3981718586,0.37184358753070107,0.8231655395154245,0.4454763862001924,0.36573278177556295
99,0.5978766177640279,1.2618296895847791,534508.0987226292,0.38092615004779423,0.824372809214504,0.44180296439847616,0.3654878078950636
100,0.604214038220866,1.2751585164620538,521804.5162967975,0.3850654251556781,0.8156542296043016,0.46526797489581057,0.35454597953068134
101,0.5866969726805383,1.3312399672166613,564233.1613289303,0.4105810122022283,0.8556845288693814,0.4007658542715776,0.4135751323838365
102,0.5983782812522649,1.263681133443431,548479.7325618912,0.3742764569848598,0.8306971174790091,0.431488253063405,0.36662397135188746
103,0.6019944925864493,1.290442714675046,523616.069846191,0.3851321092699137,0.8259758726836715,0.44671751222670997,0.36694687529190584
104,0.5887524542345497,1.3190773122822845,553050.2817897643,0.39692426974277956,0.8500795515531027,0.4093084523001123,0.40941490053817436
105,0.5855699016411111,1.3424577555373123,574830.732652436,0.4060893530395398,0.8523379339011294,0.40181376705354654,0.3777597963085665
106,0.5962970262639342,1.324792454336345,537946.7579053808,0.39473156410830273,0.8428725167748454,0.4218574463962824,0.3972069182064468
107,0.5945680884983676,1.2982330999724843,565586.1250073791,0.3789267485956188,0.8512651760298041,0.40209366744242586,0.4068447390584676
108,0.5970376733748476,1.2937644374469595,501275.90187155723,0.3741672790021029,0.8186040645893139,0.46415006661756564,0.3644989080895518
109,0.604883724771345,1.2689342567155284,519353.5237810615,0.35922705030563395,0.822912758306852,0.4541277889936578,0.3707266457254863
110,0.5963257896146404,1.2788852368963974,553811.690406724,0.36167740206531507,0.8394436733955725,0.42018985224930205,0.39139061904591604
111,0.5862631692551923,1.3386601742609439,575190.8415887756,0.38903973241683465,0.8543546965640879,0.39571965891169864,0.40545953012258945
112,0.6030712235352561,1.299156684654779,525377.5568725909,0.3667628492829988,0.8357120797366911,0.4354169853674956,0.4034974588523628
113,0.5760678465597217,1.3936261678653556,511196.7047828692,0.4114724525575337,0.8320479198925091,0.4504081097745776,0.37861872163508764
114,0.5940207568066364,1.3074462389901962,548315.2356158447,0.36585734978920037,0.8334161197061773,0.42682995586509115,0.39225290899600124
115,0.5920778722571179,1.325296973686525,552511.9032777117,0.37225757880661137,0.8353645981074799,0.42512249621727266,0.3866526514887397
116,0.6001596085136993,1.3243636957739333,530408.9638997403,0.369265801519562,0.8295180985341494,0.4421854958256388,0.37548825025324994
117,0.591950345390644,1.3808012405825827,553214.305625496,0.39495943559313323,0.8456747803239794,0.41573081318969035,0.382660999964227
118,0.5798319478244738,1.3777632965331872,558782.7521749586,0.3909153252376819,0.8568848376035504,0.3989887817984165,0.41194595465913053
119,0.590160611633128,1.339280729471051,537040.8090049117,0.36914890337586037,0.8366820308145844,0.43236011577847083,0.3979307847629516
120,0.5854511466569609,1.3585436204527759,546269.7160585022,0.37625521053596933,0.8328399036907246,0.43092101889222334,0.3600005020698322
121,0.5935479324570672,1.3825414254330495,544607.3844303796,0.38572897469535267,0.8503528223209157,0.4132783774897404,0.40860719498316805
122,0.6034628107189193,1.3008979576316306,513651.47015082935,0.3423821024638897,0.8235989964743891,0.4468408011446057,0.38649851218463693
123,0.5899385975541563,1.3773175950397532,493338.28847687354,0.3780667828371974,0.8228165011761559,0.4607080867189526,0.38068740624801245
124,0.59122960354657,1.3766210592102428,552176.2731774087,0.37519337659168883,0.84210246300336,0.41867383734282887,0.3944566248022414
125,0.5903005825743102,1.3578387320195011,547861.058784365,0.36327707466556447,0.8387675612735389,0.42474121492479183,0.3854503656153325
126,0.5820279454548013,1.4011222939884127,543054.0959002543,0.38239371731926686,0.8431460519054617,0.4221455696186823,0.3968235463705422
127,0.5916351990474953,1.346125760979767,531283.6288732472,0.35237031248419043,0.8297719846897275,0.43832763501828653,0.3856375193501347
128,0.5985675346101882,1.3178295159755384,533312.8474789164,0.3356970516513227,0.8241273127021522,0.4352877008139216,0.37908143402531763
129,0.5877026355642091,1.3964772912258776,538736.066128674,0.37249580094573875,0.8363462664577574,0.4289296471360134,0.38847334379627574
130,0.5859742534713994,1.3788060713115673,492123.94097330957,0.3611350526578302,0.8123689232078383,0.4715028404060968,0.36303139271815565
131,0.5939130057774347,1.372892244994937,503603.69481661863,0.35565300116876153,0.8177428750022692,0.4625757084593869,0.37154259120381294
132,0.5898215412598308,1.3717298224638772,541812.0006688951,0.35254665157247816,0.8333855209658784,0.4312489866964105,0.38846299529725736
133,0.5788231466576661,1.4385612172027091,541221.2674250416,0.3834372106111406,0.841368141352745,0.4304801007396365,0.39265889530699566
134,0.5926189917378675,1.4125556879179917,529268.434869546,0.3679093076380284,0.8347744893725199,0.4353087969603844,0.384019324040725
135,0.5861203923624981,1.3791023390021402,553117.9805061901,0.3486574948493492,0.8418127206435427,0.411031402194572,0.40274907604241067
136,0.5990718092941109,1.3744927603716288,498673.36004313116,0.34382756720333996,0.8220749798795334,0.4607613318589185,0.3945962105693874
137,0.5865547771859806,1.4635611297827298,530044.9850178934,0.38583661357813703,0.8414761413412082,0.43260432272115057,0.39825612382124564
138,0.5852841030291964,1.42569699460002,529027.5168397599,0.3643794076560285,0.8178879814629286,0.46360823764027,0.37257163539850874
139,0.5925534677413582,1.3963071848351514,508258.03444200254,0.3471593644428408,0.8264784881096461,0.452079273028309,0.38787512644010075
140,0.5771295086107241,1.439112400430647,552738.7928754436,0.36603683390983505,0.8366130950843013,0.42514139885157903,0.38370504235365616
141,0.5810613482250359,1.4491393266765273,515124.14923402003,0.3685251587020219,0.8306985598185737,0.4476063666132751,0.37946374069526734
142,0.5901082732064148,1.4337002824828453,532803.5996365012,0.3582804982744273,0.8245485491734343,0.4398120273147633,0.37413058365806295
143,0.5799550076540987,1.4390808745948194,531482.1000463557,0.35844565599966083,0.8337688388650514,0.43682607260479117,0.3983543952882994
144,0.59335951721048,1.4190096249221393,515466.8567929523,0.34588489283256735,0.8220155191805125,0.44899034719776226,0.38333059804118086
145,0.5881957707249064,1.4193244023739213,516841.43367415713,0.3435171432277049,0.8193704083770399,0.45397992764942224,0.37357229192652364
146,0.5844454290369858,1.412393297556454,512569.5388836843,0.33752645248821767,0.8188696965157808,0.4533465702508437,0.3769255535293718
147,0.5843734731703946,1.4502173683251305,506953.8568752706,0.3539133495418024,0.8232815342110497,0.4577724787699318,0.3834855260358543
148,0.5770983081794828,1.4810053261304161,514829.9713829465,0.36678219011369173,0.8404933434965149,0.44003892483745577,0.40149396382983293
149,0.587863707167346,1.4564436570707664,505271.92382806726,0.35197621725311345,0.8221736461197934,0.45931669133354996,0.38287958577598735
150,0.5862491773775169,1.4542297493811787,488798.9311605565,0.34834412507756607,0.8168156028827773,0.46675178027120584,0.38172830351530534
151,0.5900235265272614,1.4310142389164557,526976.0409515402,0.33421123151445103,0.8229965393237537,0.4416907209254531,0.3763287526845456
152,0.5764343115110543,1.5005962423013175,524983.9880062451,0.36647709487612845,0.8374997902844158,0.4365181734837975,0.4011304476555571
153,0.577948007613062,1.4923748105935193,505283.78677982884,0.3598412406914759,0.8379777925355462,0.44560101716143463,0.40227563243763026
154,0.5876583550642468,1.491618730302248,513517.50298617716,0.3569380622150867,0.8350491030114655,0.44358187931867177,0.40563487943147264
155,0.5977562475948891,1.477271077661432,493340.9780146595,0.3472390975639252,0.8180800412383152,0.4715899251438609,0.38123049428457917
156,0.5902664346217464,1.4653816318664505,494472.10421807505,0.33876923633568107,0.8089158728204773,0.47708077873875004,0.3680375818774742
157,0.5792567502442789,1.4761441509744906,509473.10569192574,0.34162535755894763,0.827715045575058,0.44791467062639667,0.3892292165286136
158,0.5824372048333422,1.4890550585687579,535559.8561034058,0.3455556730253277,0.8372513820062802,0.4295832395961149,0.4019355241515373
159,0.589000099948884,1.455338667799493,507696.5087730987,0.3261723393099419,0.8233993714947114,0.4471498202317583,0.392556374340143
160,0.5882646250978164,1.4649428143083125,499225.25625621335,0.32844927423359815,0.8144552417528459,0.46840654760423056,0.37377172698954664
161,0.5919336067075524,1.4607538954835455,513982.0012780964,0.32382967649046107,0.8157581598045374,0.45434275114036143,0.3668375399435068
162,0.5770651391483695,1.5178133740169972,509264.635635672,0.34983427742643347,0.8331130958454336,0.447485274979132,0.3930170116449204
163,0.5782806836076213,1.4879240223072872,514556.1044030525,0.3323644632408249,0.8221059865405778,0.44686825582642586,0.3837713151019293
164,0.571847546221738,1.5624917621142214,518575.9568131635,0.3671231948135386,0.8405647139692797,0.4388899720426734,0.4046335643260784
165,0.5802321036586555,1.4789122501240906,506604.1631077975,0.32280830048771963,0.8181616657449209,0.4594224007108875,0.3772246571192081
166,0.5856534928863448,1.4895253404678042,494235.5280574538,0.325589707328823,0.8170776223859756,0.45849217132798087,0.38217910498683966
167,0.5775811275899478,1.4849299816044421,510362.5983689165,0.3207668895663885,0.8138229258030598,0.4719918753559674,0.3674449090313186
168,0.5845065755400252,1.4891826639721613,484231.6268437196,0.32036809241949465,0.8136250906688643,0.4743415734464434,0.3741828236733522
169,0.5873513547223591,1.498421292670458,487624.2938907793,0.3224622684378895,0.81521023366721,0.47291365073698005,0.37467238599016434
170,0.5867311398992243,1.4889138319581083,498750.735851943,0.3151833997509612,0.8156415953761517,0.46251480278814566,0.37877638428866806
171,0.5875692492150361,1.50932219171252,488557.10482482275,0.3228624412974135,0.8169358477442928,0.4648424275098482,0.3751040401334128
172,0.5835339907613001,1.5265696595091367,465059.43385684415,0.32896103686496836,0.8119065581796066,0.48818650967420313,0.3812671261233141
173,0.5854071677227869,1.5122586100497868,493996.3407821537,0.3192803738045399,0.8095188630896237,0.47494097474077085,0.375073433268196
174,0.5749470928567333,1.5763920686419426,496629.8131526827,0.3488219647698644,0.8297130145373052,0.45422816039670466,0.3993792666219421
175,0.5884597160690812,1.514484279125842,488105.06771312875,0.3153429316810606,0.8077153557060348,0.47259220129422264,0.3692723481897078
176,0.5947385046787267,1.5270554645952013,468440.3531401676,0.3191033860849866,0.8105027490095498,0.4870771989359027,0.3735937337177968
177,0.5853178381137784,1.5241926628300326,496601.24947923434,0.31514684687164884,0.8070792166718385,0.475366443950315,0.36912736010091884
178,0.5869319039533971,1.5497321946301845,481352.6633157203,0.3253914744409712,0.8114376592983997,0.481340434194968,0.374778346378817
179,0.5831283563079418,1.5504194186811735,508740.0527007712,0.32320994813571224,0.820959970895782,0.4503049879719989,0.37702478276586165
180,0.5753173471929539,1.5710353184452543,523791.5897502529,0.33099275968699926,0.8234629541771527,0.4542389254889827,0.38015182386791424
181,0.5867480798523002,1.5477602109130413,487280.26354803634,0.3168300675901392,0.8116353976280319,0.4760337519599621,0.3735240551653199
182,0.5870075174621231,1.5634222952322316,501286.3903720907,0.3221359714189809,0.8172983811312514,0.4625727364155799,0.38629660551437545
183,0.5775597275139523,1.5668653542972812,519032.1536393439,0.32133236262075227,0.8248881195569651,0.4424845892713247,0.37791270223125106
184,0.5823084624867377,1.549452348305076,485785.09523401933,0.3101007212938961,0.8196059457858236,0.46657844734103027,0.37811417714120926
185,0.572254266837095,1.6337616868707066,507228.2633818477,0.3497302522459579,0.8292180260317905,0.45401107541706287,0.377173584672238
186,0.5763716235208339,1.5962668232085782,491441.2456376249,0.32845768208414017,0.8229000503284623,0.4631337914469762,0.3876481562097623
187,0.5894558354152521,1.5549329952480841,493359.43713900493,0.30526562977313976,0.8111506353797735,0.46887247659522174,0.3766114385739732
188,0.5859111503187545,1.569619731356506,468949.92953061464,0.31008385949659706,0.8143065910593535,0.4823574412676341,0.38528938789772227
189,0.5697421835570635,1.6487769470628209,491644.1095785075,0.3471373290190012,0.8179079828175383,0.47615613064911133,0.3849996880565068
190,0.576852456191383,1.628532492334955,489424.0985857091,0.3344899633243147,0.823356406960772,0.4681361456752836,0.40042554126676133
191,0.5853594255500758,1.6025115733958801,510825.3404641057,0.3189543655240238,0.8235075150233163,0.4570791796122347,0.3833475932534545
192,0.5830485139645758,1.5673611959102451,514416.9182669285,0.2988540384504528,0.8147941417349086,0.456416709480632,0.37295503041137223
193,0.58614703529158,1.584039875006758,461336.88648269523,0.30466823966795564,0.8100052126687629,0.4879935610313794,0.3764693822749585
194,0.573733366814016,1.6439479693800712,472431.195879881,0.3320971485238588,0.7996494954742548,0.4947570023113338,0.37258499391066047
195,0.5671852726633345,1.642096342183643,458187.7418262376,0.32864619659489125,0.7995046714650514,0.5177526007554173,0.3647454875324759
196,0.5785646134895932,1.6049914019788227,479787.8449284935,0.3075685881617276,0.8137517386244872,0.48031400685745806,0.37586776210151635
197,0.5786502462845112,1.5900496863952647,492848.6250996274,0.29757259203919506,0.8133951739565057,0.4608325157318381,0.37806210582053984
198,0.5749518744902299,1.6435008669917401,490597.9960987299,0.3217730440066794,0.8185671510035804,0.4680900569088537,0.3851286022869999
199,0.5737461235569657,1.6729313661493737,474306.61196582473,0.3339631552547426,0.8159150407313437,0.4875631002390487,0.3846858022905842
200,0.5793240314491429,1.6646952455690809,463338.1657744895,0.32731995663384283,0.8055798434775371,0.5009934189368993,0.3810599642872237
201,0.5715716026682401,1.6547838781812922,511919.9027069288,0.319839134609195,0.8159971722237171,0.46887066432671215,0.3748569809679698
202,0.582021875498707,1.6215352019659717,477404.22069108067,0.30068965817078114,0.8121313642778325,0.48025374813731,0.3798122539120137
203,0.5718809869552547,1.6864837958127004,499879.62764486443,0.330638816763392,0.8241102093123508,0.4563046748670561,0.38998205883968806
204,0.5670502366905675,1.676984945112843,469876.2904658651,0.3233642530827099,0.784246742409779,0.5201444647716421,0.35458203652169645
205,0.5799442451287568,1.6565178419577768,467795.99517446535,0.31060556317442334,0.8067475751835984,0.49560166259684707,0.3697460686292156
206,0.5737377256658324,1.6617601180179087,472346.63068133406,0.31070156287373574,0.7948526407881377,0.4999428927016076,0.36417065842710034
207,0.5747164248035149,1.6817154998149662,456624.5389469706,0.31815411544151107,0.8054999825321666,0.5108555275339571,0.37545935877405
208,0.5767175531767417,1.65975033493541,443239.7331198869,0.3046463946709795,0.801922453561961,0.5121566234839315,0.37065232216205385
209,0.5670781649602041,1.7059716402075007,473817.0478516366,0.3252319089762712,0.821385145755848,0.48234536032866215,0.3919035983439258
210,0.5675004127019634,1.6972310027844932,488975.3875261789,0.31833645193401405,0.8175832234939542,0.4710753240577863,0.38477637980477397
211,0.5832393966393031,1.6903993449787384,465275.2882694879,0.31239548470038314,0.8108323874535395,0.4995646579355251,0.37817629294290717
212,0.5722113349990238,1.716588237267095,452168.989177173,0.32296479251380794,0.8018687840853129,0.5189058106190998,0.37204853801287835
213,0.5653735989720778,1.7164036393149795,476138.5177027081,0.32034735520699675,0.8000110365288848,0.4934699864283472,0.3672711933737503
214,0.5818789198139692,1.6993432572675249,455647.2139838837,0.309292025852516,0.8037196111283339,0.5049879827080087,0.37639783706986524
215,0.5734646253605628,1.7318711492819623,457895.4684599256,0.3230308335289811,0.8124980739694465,0.49584089691716116,0.3820006072544202
216,0.5847214599473721,1.6971198683797024,441404.25498309295,0.30313005474709764,0.7933820363671764,0.5238696504238287,0.37255296328663673
217,0.5785457743430462,1.715018674137454,451227.7061223191,0.3095543192952201,0.7920414717968571,0.5230150699851038,0.3709879423240989
218,0.5848542812340859,1.6959855647271642,454191.04721680935,0.2975126262593216,0.7987120250248492,0.5112084636614357,0.37208334538318494
219,0.5814334318948275,1.7109769320607193,454836.99494064867,0.3024831715953456,0.7993608150322717,0.5094878127678947,0.3672559765737418
220,0.5751642313404962,1.7743603712118892,455289.27621036407,0.33164975284017717,0.8098295679798144,0.49205511569578025,0.3893860593348683
221,0.5720692245244723,1.7548229665524944,428045.0722128889,0.3193559121797262,0.7884662070501162,0.5354904368178199,0.36663059570010065
222,0.5799420032227031,1.7403513123894723,463887.76071798033,0.3095949467674617,0.8094691064298183,0.4903913903224415,0.3714054534746784
223,0.56788843005903,1.7865078686223865,438139.15168886376,0.3301480865531653,0.7967784103931149,0.5251192179560525,0.3690851962926869
224,0.5799694134425816,1.7160098500508791,514515.0838445586,0.29237393893665825,0.8162301039480874,0.45309473735576733,0.3882729551139638
225,0.584285215834226,1.7597195069690472,421341.0768071535,0.3117036290649887,0.7804017495802978,0.5570583365218851,0.3725866861683169
226,0.5631024550795315,1.7944724463066164,510016.4144102295,0.3265549604030198,0.8107193818268221,0.485413094913084,0.37107182559629087
227,0.5806035959682541,1.7456412326140325,443467.20972931746,0.29961421522597437,0.800259731991269,0.5132835565445636,0.3822217363669296
228,0.5775605695884808,1.7306871031131386,464160.2738689085,0.2896120121447739,0.8055802720716023,0.49622908407849353,0.37581255715735007
229,0.578376751347293,1.7237747167228468,478631.8641787904,0.28363068061887453,0.8071830267904154,0.48335237827256516,0.3792437135509145
230,0.5836307378270106,1.7487144563265073,429808.71633201896,0.29357541208995136,0.7951288868987695,0.5287792980708047,0.36998020171797275
231,0.5690046956751943,1.7775154884091915,450703.183876258,0.3054507898005399,0.7936237535391021,0.5094216267089183,0.36444834934697534
232,0.5665184857161998,1.7960075940593583,462697.1191929583,0.31217170429486985,0.8155359139121662,0.48814456454905053,0.38237277573939926
233,0.5632070774910152,1.799975190000279,471705.2779691889,0.31163036393457666,0.8124109789818654,0.48070161193795286,0.3830636777467096
234,0.5750710081077416,1.7421011920377383,406296.0857274565,0.2801682266225529,0.76769243754612,0.5785783897720861,0.3560754225836875
235,0.5658485903240601,1.8116352813742935,465949.6302723554,0.312410132960077,0.8156424074770562,0.48541613391798116,0.3934979457022383
236,0.579136379956928,1.7762889389872365,484998.64024281484,0.29221182343579494,0.8037444895695418,0.480769088616419,0.37506735028637267
237,0.5618268252553485,1.8596180079990223,461159.67384932947,0.3313512196109344,0.805886909602484,0.5211878129369933,0.3751673185750897
238,0.5636966808935945,1.8434512106915062,497991.31396419485,0.3207426826264229,0.8290646248407958,0.4618296848699684,0.39342048951713343
239,0.5570439854759803,1.8612442229410506,498585.1931326992,0.3271140504204416,0.8251004091088199,0.4784570063239043,0.38335377966846795
240,0.5546897246419795,1.8308399993669413,459922.2819897252,0.3093868003026335,0.7905241873514882,0.5314717684514787,0.352793977038292
241,0.5814029483700872,1.789726621381569,428590.2279469872,0.2863049729791938,0.7796248867842915,0.5436222455786337,0.3678183359734483
242,0.5566482236754977,1.9049068792135204,454289.50463613827,0.34136996356441596,0.7755610082602321,0.5507791664870608,0.34891244077234884
243,0.576763496284176,1.8083323684484847,447066.7037489858,0.29055756985114467,0.800178371102158,0.5096559221844691,0.37692216951795604
244,0.5641846700461994,1.8792729372965462,428255.5262571161,0.3235027159444219,0.7658191680708561,0.5867495683107576,0.3472031436168096
245,0.5696089223942234,1.820291310797927,415731.39654807537,0.2914867643643588,0.7809782529698599,0.5544811987867633,0.3579412487781938
246,0.5551801152283803,1.8483248025481518,448165.61862349766,0.3029783719087176,0.7745550342588436,0.5345095473027168,0.3486280280651831
247,0.567928882431196,1.8387390586572256,432952.741972084,0.29566036163250126,0.8006761742770672,0.5208730428908341,0.3773547066479434
248,0.578658756157296,1.829829247541311,412520.0094075955,0.2886803177437903,0.7780984167353032,0.5535123675673558,0.3704961433106923
249,0.5605117570895872,1.8860885341738967,506690.90709963907,0.3142848227293297,0.8172925232129372,0.4689580093663995,0.38092964460563
250,0.555820067984679,1.8934863896962277,425711.0232488719,0.3154586121597418,0.7682302062295085,0.5779250006671519,0.3411651405386769
251,0.5779134198364918,1.8112147746805973,437759.3225217046,0.2717976663211731,0.7898976102050915,0.528989250881713,0.3708331203087279
252,0.5547772083293198,1.9370734503634404,453598.4886365469,0.3322018658318411,0.7816323170673283,0.536150476126211,0.3575853480653672
253,0.5646732918449047,1.8881488262500903,437319.16543570545,0.30521441544441247,0.8014538524069946,0.5196596894565934,0.3744366046236458
254,0.5582131104682706,1.8986432316509634,467632.3706343095,0.30793647981409566,0.8113321225987549,0.5097316026297093,0.37669356190826775
255,0.5533298067143375,1.8741995331930252,420274.0480437648,0.29318949225437313,0.7734870768785637,0.5567163498430475,0.34528656731706237
256,0.5656436918136314,1.9074224755305724,420365.46488171985,0.30727582509239315,0.782620433885627,0.5512170823447834,0.3601536500064362
257,0.5804982607386133,1.8477061534518193,401918.65156640124,0.27489252572226314,0.7691692256436704,0.5722873919191793,0.3638981886130704
258,0.5692527868485996,1.8550398604588434,407106.25138286425,0.27603424089502177,0.7709605710198068,0.5686483189808663,0.356709260337994
259,0.5617594391888239,1.9233792837198462,440333.7637900681,0.3076788141947696,0.7890830787807799,0.5400175299300286,0.365862984109156
260,0.5757584108012969,1.8731085349514918,401637.6270661069,0.28001830147983886,0.753813007942309,0.5865823790823578,0.3485849156589667
261,0.5764779134674537,1.8458008616825188,424290.12330841576,0.263839326514599,0.7857401362019194,0.5408711183567315,0.36246399342773344
262,0.5732562566440702,1.879742145056699,379891.7106344573,0.27828482987093556,0.7658289697714309,0.590977297567871,0.3553441907000779
263,0.5691456812641722,1.8837545076793314,415846.46400267456,0.27776587285149823,0.776556346368606,0.5532912268629495,0.36235149611882245
264,0.5744032934822748,1.8821159587430754,401844.5526070035,0.27442146005261675,0.7744476196918454,0.5668962487487849,0.36416867664283803
265,0.5779270674521986,1.8821595765212649,401384.56811186473,0.27191813061095804,0.778242311369937,0.5625045273842807,0.3640117314183504
266,0.5695134098613409,1.8917533915528826,425790.12512199185,0.27418989979601344,0.7885929523014693,0.5398052631019757,0.3617587267407419
267,0.5499413644852329,1.9384768829125547,424410.8453853852,0.295026507145096,0.7628288669599276,0.5584962909398846,0.3434572162695207
268,0.5670971122060229,1.9183380830712595,423639.636871131,0.2824319688936949,0.7544529957220227,0.5892462241849915,0.34337011334218925
269,0.5636451927803531,1.9369846243108721,418956.05580516096,0.2892301011827477,0.7694720036615763,0.5728623765324253,0.35737914990845177
270,0.5728303512703684,1.902847805436148,382553.38333450956,0.26963655341463205,0.7550061355015416,0.6007417883575707,0.3535275766555388
271,0.5758400556716444,1.9093560517169532,413142.4270030598,0.2703655382242814,0.7788906312988488,0.557690584366903,0.3690002949526888
272,0.5628417758475648,1.975298685268923,404197.6208335769,0.3008117166695127,0.7613280208206882,0.5803892054824293,0.3531566306275481
273,0.5611940519258153,1.9663367799461045,414037.3376410503,0.2938056256773498,0.7795778408233548,0.5479706950138192,0.36577167031139657
274,0.5703448276126746,1.9524684730493047,381707.055823648,0.2843463338981965,0.7280345617306181,0.6275599987350522,0.3289408028022095
275,0.5761137449691686,1.9086065343431953,410093.8323242111,0.25989022621438834,0.7770061603686566,0.5597423474924508,0.36442602373774075
276,0.5698929336168479,1.9509882906047635,404265.8171437058,0.27855596601441895,0.7829439037621956,0.5561066766981045,0.36649208141025486
277,0.5663420229563736,1.9237520245434705,417525.62556080485,0.262412694653019,0.7803435493414473,0.5508547585596792,0.36193257773873383
278,0.5718198400905762,1.9409854647622218,406871.38323368033,0.2685042764316411,0.7683888267083754,0.5689551206556599,0.3587215199166107
279,0.5769444471325771,1.938901216445629,385531.4820818897,0.26493701394259117,0.7721449956906327,0.5758207481542055,0.36225259187308856
280,0.5607043103703108,1.9995879369561322,435226.1172352043,0.29275523586708924,0.7699686444967829,0.5536816465261827,0.34050096798094887
281,0.5680820405898984,1.9570726548290645,414859.0026205294,0.268972456472802,0.7753472534482456,0.5647669586672641,0.36528659026013016
282,0.5575413864350215,2.0059693324375587,409216.1048140865,0.29089565694629566,0.7719939307004646,0.5743077627432284,0.34884983014910825
283,0.5671792457955841,1.9911401409191969,386200.0362339476,0.2809559228563611,0.7491940458374218,0.6043806516489092,0.3506337639537277
284,0.5568086197608023,1.9592465986854486,421952.7020615726,0.2624840134087336,0.7813405512975693,0.5347870663290839,0.35863225086313333
285,0.573316307110578,1.986960516301326,415452.7503898321,0.2738158338859188,0.7825066085122739,0.5500948401767135,0.3758582783338179
286,0.5620350133687357,2.0233621140486093,418208.7929318696,0.289491494428807,0.7689664019393637,0.5807915972671925,0.36324916869104545
287,0.5702092321411496,1.9759867875025248,369802.3928674194,0.2632786928250113,0.7554757351045034,0.6022315037135346,0.355618421221507
288,0.5577863841213435,2.001361565288212,415695.44263980794,0.2734409433871015,0.755319087860996,0.5921153063685949,0.3461319397489152
289,0.5708102986434002,1.9811455223125882,410532.0738394273,0.26080778356853596,0.7782802334353485,0.5538433397306299,0.36723793052139964
290,0.5598827063717162,2.0445445328074414,399449.5522798406,0.2899821504852091,0.7633100528566181,0.5902620935022795,0.3581032752469795
291,0.5641130794698406,2.045121906985312,396549.4206155942,0.28774569924339094,0.7690801697482419,0.5784700956610488,0.35793302075484307
292,0.5696352774157115,1.9986098054422436,394629.3451764843,0.2619645101411031,0.7721052984596829,0.5683139958266276,0.36640154956481896
293,0.572540353410487,2.0182203468124134,423400.9015594532,0.2692446424954345,0.7930652161199105,0.5408557712528326,0.37816042997830507
294,0.5654579160596966,2.007626325277006,408075.0589331002,0.2614224933969773,0.7644605701311622,0.5784177698998333,0.3592368266838569
295,0.5678252234413222,2.014449277521768,399730.4851889137,0.26230883118860515,0.7804534595657416,0.5573268828230468,0.36743602459613917
296,0.5690592938946267,2.0163668498530773,408247.80581279285,0.26074247902350595,0.7709674245833973,0.5679113039523798,0.3602819022022958
297,0.5754362131686318,2.001552971406654,391929.3216804081,0.2508104014695408,0.7692497950526626,0.5771393352958802,0.36193150740879526
298,0.5572083558865125,2.0855308409218116,398139.47432268027,0.29027419789636627,0.7459159317925859,0.6158173604577498,0.3423752467115398
299,0.5538034993949759,2.0808921056201375,418075.30484532885,0.28542969191477574,0.7827246464184788,0.5516940219911652,0.3659632665753247
300,0.5647148983146082,2.0216067194574423,406955.80412809574,0.25326186050267474,0.7863514909331567,0.5493539185238755,0.3743390150460321
301,0.5647814700366799,2.0903716015505016,389854.80093674513,0.2851191632184509,0.7431599686373576,0.6242867854948262,0.34609779624019166
302,0.5578908474564561,2.0931418657229557,408444.1912764568,0.28397915697392434,0.7554648312150763,0.6044732037044862,0.3503735522413329
303,0.20579152345690346,4.4480673971448645,583747.7276421159,1.4589167843541255,0.8404637734146309,0.4903135556209031,0.570183603067928
304,0.20833278764144672,4.446774754656807,579773.2697802605,1.455745324779343,0.8389534456074832,0.491368358399817,0.5668399868446837
305,0.1961485230953386,4.445508683543083,585165.0346177845,1.4525871508917276,0.8404395874447506,0.4903449683475151,0.5718524247001858
306,0.1945797280819091,4.444264952119914,595331.0018556794,1.4494401468493894,0.8451511613061627,0.4784852487883796,0.5746919223499305
307,0.19007673944304188,4.443044197914591,604665.6459713005,1.4463046314159747,0.8459784067601246,0.4723273090180582,0.5725793341921356
308,0.19626520228080782,4.4418481907728875,585288.3680837755,1.443181489514369,0.8398004066069004,0.49113123286765537,0.5696522206834246
309,0.1924561152029979,4.4406819269695035,589208.7855061343,1.440073219281924,0.8425931290156135,0.4853690435456306,0.5712370418497281
310,0.1911585914653474,4.439534852001284,571467.4652885136,1.4369745434670607,0.8345886708100656,0.5025301634192786,0.5697329011371872
311,0.20211730409595155,4.438398412843753,586728.9850575159,1.4338811855575415,0.8414907257669415,0.48649647158140896,0.5719093655549713
312,0.19471909160693224,4.43728156933001,580211.6886082347,1.4307976254699166,0.838718075352009,0.4914421584900365,0.5700692736967679
313,0.18547450417145006,4.43619189973649,614746.7506037875,1.4277276523424032,0.8531791038821731,0.45900162312959625,0.5697217359754732
314,0.18281892424965274,4.435130537070808,582115.6274139757,1.4246718326788086,0.8399430608183829,0.4931603392255459,0.5707980532524459
315,0.18472167834697098,4.4340792584292155,615926.7281646287,1.421621055027259,0.8495457760911442,0.4609474534266562,0.5701032104685907
316,0.2018297004527372,4.433040238195351,601622.27967566,1.418576406579573,0.8461101766976759,0.47527616683146,0.5765846965083582
317,0.2001495993092496,4.432026044948545,568507.4357540221,1.4155441716254165,0.835466650865267,0.5011356275141291,0.5681621182076727
318,0.19805517078110224,4.431025059517373,569464.0930910836,1.4125185405790774,0.8354250099698929,0.5016955255097113,0.5693353005305234
319,0.19038618636978757,4.4300512679081026,586589.5613206063,1.4095065064436887,0.8399092592713717,0.48954204724900113,0.5674768471764845
320,0.20429194946769275,4.429093751514396,599752.9512558411,1.4065026099160818,0.8443548329508729,0.47741046891315664,0.5688509715023687
321,0.18936707877264525,4.428162429833475,584025.8990127034,1.4035118107448676,0.8422109511312956,0.4876075507056649,0.5698524920468216
322,0.18501721427687517,4.427241167574606,565857.2546539751,1.4005260412846798,0.8323417206277987,0.5072876150921202,0.5679729721042239
323,0.20290062854150814,4.426353770902331,553418.536253626,1.3975572046177884,0.8239646747586105,0.5213262783114506,0.5636893320683737
324,0.21312074783747215,4.425487260145131,613951.359558933,1.3945988109084353,0.850237641161823,0.46117042311176354,0.5701252523882262
325,0.19745782867782063,4.424639752818647,619350.5036300935,1.39164991891444,0.85139372573225,0.4592321060936649,0.5709226952262547
326,0.19347999589088194,4.423812195108646,554532.2664852191,1.388711001728686,0.8266483248847183,0.5197950142197795,0.5643050840047699
327,0.1967629666736019,4.423008952675684,567373.8981579593,1.3857842421814515,0.832395896280426,0.5061762297102124,0.5633734914366701
328,0.21058625814716386,4.422220500794882,560696.7164051596,1.382864877910297,0.8327134125134026,0.5072002610137896,0.5576427776906554
329,0.19151981461001816,4.4214467630957,601239.2402884911,1.3799528707299522,0.8464717214279539,0.47439255108081474,0.5710972313031903
330,0.18487801091134917,4.42069482396094,583260.5362071439,1.3770517628318186,0.8413272695651891,0.49188598889985785,0.5697547650933829
331,0.2141870564935597,4.419962774223334,567539.7138592808,1.3741605996322623,0.8349325199653215,0.5050947467881833,0.5568488572000435
332,0.17566345262272182,4.419256060892957,610603.6835597988,1.3712821046363204,0.8486885858405804,0.46813333217427416,0.5737759857894069
333,0.25715137731897003,4.4185504560209194,561506.1074070355,1.3684041638695479,0.8303317994993401,0.4945961535346392,0.5323863741246639
334,0.17500553899865232,4.4178729959543315,604888.9619265064,1.3655402955055007,0.847918623713809,0.4751610768817831,0.5731522954426781
335,0.19950162694063636,4.417212320678301,625173.2756831865,1.362684819536732,0.853921650645116,0.448733908048757,0.5609895786772137
336,0.17005040766630733,4.416571240505316,596409.5200007808,1.3598391411194861,0.8439909939743045,0.4818788393589368,0.570178186377304
337,0.19874658106338372,4.4159427754139795,561061.5602262871,1.356999770243064,0.8329035935024309,0.5102445707483655,0.5595525649827572
338,0.18655666287450134,4.415341032653538,625200.3408954553,1.35417376053209,0.85674626307606,0.4513746730713041,0.5583309126224028
339,0.22046975992932927,4.414752969951145,614486.278327415,1.35135459085014,0.851705005194647,0.45733937495760973,0.5525355069987468
340,0.17339240161094654,4.414184427047588,556599.3523172915,1.348545181067608,0.8302416310243794,0.5117380973294187,0.5505242856468385
341,0.19983268272310808,4.4136313435167,535038.968638807,1.3457435009714103,0.8181224200025113,0.5392571119760199,0.5560339617180218
342,0.1878131538091626,4.413095325287147,478788.29105056316,1.3429503535258802,0.7860126041483092,0.5893849367737052,0.562632888876862
343,0.1684471831430837,4.412578817970182,504517.47124662297,1.3401669615366445,0.8063075678193401,0.5570817715370683,0.5722983466750607
344,0.17527302461708724,4.412068961261713,509467.158837479,1.3373868948516565,0.8049191576598076,0.5587209290006168,0.5546606643692068
345,0.19194821152480968,4.411581857509322,529428.5886826806,1.3346182046447077,0.8181741461928598,0.5425703056422869,0.5606660651565655
346,0.18493476799670056,4.411111131887468,511768.6011257514,1.331857703503027,0.8041324844973601,0.5580830611135232,0.5580990496323037
347,0.1989356136660859,4.410657666575183,529754.4597414206,1.329105832516131,0.8143856516603816,0.5422803826773246,0.5425613148726399
348,0.21820782151626222,4.410228023528192,508197.31402260595,1.3263658726618819,0.8124029177265611,0.5475518028928901,0.5196379704423244
349,0.20355839529801778,4.409814012352786,551205.7082108416,1.3236337287434259,0.826553283312738,0.512703970484872,0.5236326262432894
350,0.20171055527882573,4.409407215704228,530374.3103723249,1.3209051920883927,0.8191882680321555,0.5361099841282383,0.5323156427961221
351,0.20541851318662974,4.409017890792423,504167.9321109664,1.3181853913017372,0.8107889603552306,0.5542119701708706,0.5283393247140786
352,0.22832956825907433,4.408650548511467,497063.3678791303,1.3154765818305054,0.803416303480843,0.5572476799917994,0.5094955446462538
353,0.20569438291771097,4.408302249730693,545877.0421341846,1.3127772941093652,0.8215689580238486,0.5252640276946728,0.5241000342927149
354,0.23175404206700106,4.407957047611383,451205.12407129246,1.3100795547189565,0.8017810015636602,0.5703363184683786,0.5504183154010309
355,0.22102771989019546,4.407642819577029,507686.12613801874,1.3073973023710264,0.8116304703250304,0.5505833617747311,0.5210293114686113
356,0.20732183196101067,4.407335386776207,481064.95210419083,1.3047184476398614,0.7885202778847216,0.5836599189311855,0.5293120691715738
357,0.23288968826372153,4.407053046111227,524982.9692150285,1.3020521389766182,0.8207338129084325,0.5379381213319729,0.5296685054101133
358,0.1971497724889196,4.406780016220428,526562.3521112269,1.2993904857004652,0.82181102409569,0.5324518343449058,0.5434463933368856
359,0.1850146257077582,4.406518640613702,520001.77994119236,1.2967346595663487,0.8122513452904226,0.5454933481550129,0.5426502351589235
360,0.2568438409436771,4.406278656486502,347846.5885569245,1.294089529171995,0.6991045556688918,0.6551080203752908,0.5850088141380312
361,0.3177335810451461,4.406050959437162,322894.52970246476,1.2914505423165719,0.7129314122310024,0.5943995884506298,0.6977129049511385
362,0.21743066667279198,4.4058422479196535,507842.0340571358,1.288821048227064,0.8128232943022147,0.5489320008238068,0.5438082700122329
363,0.3157513889545185,4.405648169578196,382067.8326515102,1.2861988707255816,0.840252212144487,0.424989599639742,0.8057325331929002
364,0.30652505510573125,4.405465194988937,331012.94537530025,1.283582245100199,0.6888495519594859,0.6900757272639403,0.5032840272375747
365,0.2860271674968801,4.405291372528215,346833.396351304,1.280970195539084,0.7458438940638534,0.6183925189904121,0.5620083110096336
366,0.28004995410775274,4.405147453176476,463160.1047147318,1.2783730975324614,0.9607774566746763,0.2588214599973246,0.8070875744039822
367,0.30026003135373086,4.405016313482623,348785.6379415833,1.2757823893547813,0.7484360883285165,0.5473466311508554,0.7339367265091759
368,0.313347528288703,4.4048965482406715,294274.65317812783,1.273197368403052,0.6666028942838438,0.6814368907134055,0.5901306254025047
369,0.27254592630094715,4.40479649118817,339390.1852894719,1.2706222015460482,0.7602264599835105,0.5667356809568529,0.6912859062754494
370,0.2857193608348512,4.404711281164368,312219.5661517009,1.2680544582033932,0.7278675410430201,0.6156134610518822,0.6467823132944316
371,0.26665402660488813,4.404637796870387,396489.6835957081,1.2654925777256492,0.7763499574583894,0.6022200458792833,0.532039041453855
372,0.2665227881084676,4.404573185337288,382784.4831423685,1.2629351336283463,0.7729906257231915,0.45414049372456977,0.7820991840524975
373,0.27475719283610023,4.404525092497497,330116.79383459204,1.2603859488776976,0.7208856340835186,0.5628531741040207,0.7434956864632838
374,0.308034634685675,4.4044876866978715,439088.28021939925,1.2578421076471313,0.8481877935014727,0.3866327871571335,0.7869259148629928
375,0.27559200534864886,4.404469011341476,412794.264478416,1.2553076316381802,0.7803261575558063,0.5973540709812748,0.5489021444305447
376,0.224541004258109,4.404465810459533,410255.69949802407,1.252780892866455,0.8867971167318663,0.4237258280538852,0.7638652069376216
377,0.2557502760744034,4.404475835300617,462024.3905888229,1.2502607669562433,0.8993700506820091,0.3999078706739807,0.6156581481241957
378,0.28669427386710683,4.404511171903634,375590.5306394452,1.2477532969269982,0.8340801022672225,0.46025530000134734,0.7649123461899068
379,0.27426191169288633,4.404540173893674,391463.8890358953,1.245242659591265,0.8312060371719557,0.4186292794696736,0.8515498030335145
380,0.31655447372167084,4.4045987208182416,365013.33940279006,1.242746794722795,0.8316155218338946,0.4685923522485391,0.7961281196663434
381,0.2969297303296304,4.404671544006908,337153.3001060418,1.240258067986375,0.7234054472607733,0.5477313593606744,0.759078998187029
382,0.24501245698328078,4.404758394159689,414858.39376865927,1.2377763547320118,0.7964055964680042,0.5262788134883994,0.7093818359859896
383,0.24554386283870752,4.40486141700634,473461.6974033583,1.235302727824584,0.9721918289076927,0.21062558003362597,0.8755116788769999
384,0.24955898458747006,4.4049726324298595,535090.7427207619,1.2328331972055901,0.8493357227665331,0.4791919404785216,0.5438169585834962
385,0.2689367066636479,4.405106849948489,410831.7707195983,1.2303751676341514,0.8380739914091682,0.4082723781338599,0.8469448437345098
386,0.303761591079002,4.405241128872983,329238.15452740976,1.227917168765645,0.6926728113057988,0.6172210652367027,0.6857301752916578
387,0.2430581408941343,4.405385701296549,533231.2057135083,1.225464316646674,0.8844949338767427,0.4411753681975389,0.5715647161402225
388,0.291151939764859,4.405545317965411,294068.3531156957,1.2230189866503522,0.7535680053717404,0.5781872264705804,0.6602525315131446
389,0.29915876298938426,4.405726773970935,356042.1731643649,1.2205845763223606,0.7908855857020564,0.5187927137028913,0.7135190067888292
390,0.28838445628481235,4.405922263747419,394672.23418252694,1.2181571828798492,0.8590052946344122,0.40572338453050083,0.8077098822093067
391,0.2729847159868157,4.406124175605908,310885.46527171077,1.2157330004783398,0.6970483144813207,0.6481782583902129,0.6184860638795451
392,0.28121271557618754,4.406335684906234,346816.08418209804,1.2133136167977496,0.7151006880181915,0.559166539485124,0.7539207285296162
393,0.186327215362182,4.406570316624217,431958.5648451204,1.2109057943259876,0.8350177703978693,0.39357201387165935,0.8722556423069739
394,0.2890166817519056,4.406812665655566,391504.63164093473,1.2085018305109083,0.8215902230881973,0.4628958237013193,0.7915811501429448
395,0.3007290686489399,4.407066633071111,361576.469149165,1.2061036758879276,0.7485194729693884,0.5750363011439821,0.7164597108452377
396,0.2334853355409602,4.407327242947861,356602.55923351395,1.2037088424955495,0.7606385112247889,0.5754575089047667,0.6540397560464947
397,0.2595890236793416,4.407612513441737,399966.793657699,1.2013263394117337,0.807740767431228,0.46206253161403366,0.8040225578071961
398,0.30269889589307325,4.407894121117418,345320.95109090174,1.1989420049188206,0.7847341527928009,0.4982106664406936,0.7635633816727512
399,0.26817211169651844,4.408200738461181,353291.5237230904,1.196570175259949,0.822296373602988,0.5325451832371098,0.6625401984252204
400,0.22850966098702255,4.408514543229359,340745.339780731,1.1942019393132843,0.6962676835778877,0.6717290119968373,0.5554047703687249
401,0.19647000983754226,4.408847664245011,422252.9232942639,1.1918433614903563,0.8159307316512451,0.5327934433768007,0.6417689834568722
402,0.28238488710409926,4.409195417320235,394268.40639169584,1.1894920996972151,0.8367952592874545,0.4408605019526856,0.7824155113406072
403,0.2865516213807525,4.409554412499925,386563.2914177249,1.1871464589563065,0.7830580598790725,0.4899830191616019,0.7865494859752179
404,0.28952808137956393,4.409932471473828,373435.10519875924,1.1848103501125051,0.766226408524418,0.5104893830437286,0.7939851797643398
405,0.2862367848836759,4.4103174522222375,327222.36655041843,1.1824777021559558,0.7538567275708885,0.6043676477884159,0.6258276474043628
406,0.28588699965016645,4.410715994407342,380864.7798599828,1.1801518349177544,0.7711756802821287,0.6025172203335386,0.5405948820257993
407,0.2483785765612761,4.411131760789844,354129.38848021184,1.1778345797782521,0.7159224244211263,0.6554875902401538,0.5615033182094534
408,0.2984838201885011,4.411552630909794,358313.1054344857,1.1755198765074741,0.8158205340695664,0.4758913248446098,0.7712014395588956
409,0.29813081200712477,4.411987027506335,359631.4239213106,1.1732119364749907,0.8120524014772926,0.448861307604415,0.8085482241569947
410,0.23105198376286862,4.412433379590437,410175.78088911035,1.1709099741862887,0.8344600092599838,0.41243943924780474,0.846227024537672
411,0.22695138932980313,4.412896849445744,601359.5935783258,1.168616570783188,0.8913041441667768,0.3879573681447527,0.530799880736064
412,0.20804739709109116,4.413370744255778,396110.07439308765,1.166328379857452,0.8365477576063612,0.47318594131686004,0.7738089828606002
413,0.25272139174186825,4.413854276274957,434686.80441147834,1.1640450075362883,0.869314382794488,0.3654504969830231,0.8692867950090403
414,0.32094477199222826,4.414350264355246,284095.0160193696,1.1617678632456787,0.7163268490307664,0.6459911149728181,0.6109555599559015
415,0.25208390696156213,4.414859938325187,393379.84657646227,1.159497561899896,0.8075563901065649,0.45922001316725874,0.8150906068244991
416,0.27975872674799124,4.4153766913553865,357242.47995135427,1.1572308000842422,0.8157165117821261,0.4893145051438489,0.6516413417293669
417,0.28874217459459384,4.415913831094164,362737.69364611903,1.1549742316228775,0.797538612200414,0.4817697960608373,0.7800337322808969
418,0.3035058341998777,4.416456816491706,332494.26414035785,1.1527205859908949,0.754372373622272,0.6320640768245538,0.4873830745965934
419,0.2936026670150213,4.417016384221559,370006.47663579346,1.1504752315250677,0.8055076075347408,0.48918197042828865,0.7682197515749499
420,0.28163671205455054,4.41758257505303,379764.6753328285,1.1482331886100503,0.7286659199275374,0.464752618312769,0.8635397647295819
421,0.2698499419973791,4.418164918054667,346512.78313330194,1.145999221780115,0.7699722025039105,0.5348452506625627,0.7316458863158025
422,0.2539658102776345,4.418746264220083,428358.05849822704,1.1437647565320694,0.7090537936379655,0.3431982508891,0.9339568974167204
423,0.25455204645290075,4.419351203804338,414031.4145157527,1.141542087993443,0.9162664562592654,0.3660458724836408,0.7716226201918543
424,0.26265784085064464,4.4199565764414945,330127.54089822667,1.139319635981268,0.7555733363197511,0.5760726642194808,0.6765830962119821
425,0.29922226486756653,4.420582314379418,332837.0685767131,1.1371073666194762,0.6984556028151037,0.6080163084462163,0.6999508911144092
426,0.307988041123005,4.421207498743033,336800.1559560398,1.134894820470531,0.7493330551366156,0.5401129631111046,0.737737634957319
427,0.32648877451199726,4.421847937999049,338057.8517530323,1.132689901767785,0.8323866003890091,0.4856428670963904,0.7465064234345634
428,0.3041423833728474,4.422502030692035,333734.3562197549,1.1304918097835246,0.8080490286413748,0.5159723503646457,0.6860827339089479
429,0.2979488374416635,4.423166014400602,312072.9808135795,1.1282986633070544,0.7640582731446722,0.5331264923888983,0.6740934920583194
430,0.26078385331295406,4.423842274883929,350370.9666290123,1.1261116552179642,0.7479137351835464,0.6100335054635962,0.6191188442575516
431,0.25634204921477033,4.424529439610743,323756.56842555746,1.123930099250618,0.7350471940068316,0.5799073522463424,0.6985943372779936
432,0.2785633770941098,4.425214690216926,426575.3479084331,1.121747586222956,0.8331821071920799,0.4284290066368337,0.7745958938802147
433,0.2736700349909783,4.425912236862255,367488.5888312883,1.1195712212148672,0.7664249895340092,0.5291570549263389,0.7641791992065081
434,0.24182210895161244,4.426623286541361,403609.6051118646,1.1174016077236666,0.8285894339528641,0.41290480145070574,0.8475659399899034
435,0.2692168309047913,4.427348361585459,455460.1780649931,1.1152390069149618,0.8848696350412857,0.32846744332792865,0.8996622339396729
436,0.25267790056060146,4.428083112436371,382467.1481975209,1.1130812440096647,0.8214408580421897,0.4449127252862725,0.8079443090357811
437,0.2672438435706943,4.428827291748499,319395.68601475435,1.1109281953349752,0.749887781213896,0.5614005786458337,0.7224529566631271
438,0.29458029030936284,4.429588256281294,320145.11404724594,1.1087835392706191,0.6900444888399362,0.6226030411670544,0.6817516610174194
439,0.30843429898047525,4.430349748944131,385825.81197284913,1.106639147271284,0.8870474983363043,0.3889860444731732,0.7938208222470857
440,0.2652613377277367,4.431121718752934,371091.73177177686,1.1044999938449318,0.8445152659830236,0.41764399797303065,0.796558018731366
441,0.27627296324412287,4.4319061900168375,310888.12837504165,1.1023670911461303,0.6851366764538771,0.6254531648780848,0.6781912521567606
442,0.23689325566547662,4.432695593369886,396868.10228933854,1.1002366544919013,0.8123378621715055,0.41320410632477,0.8673846144575184
443,0.2812390083522007,4.433499942267706,312696.4473193614,1.0981136906100577,0.6663114272720636,0.662037852341917,0.632507930978039
444,0.23396378993848155,4.434308094289606,388739.4762939338,1.0959926282902541,0.7583347980382934,0.42667691526338564,0.8718519320752177
445,0.2646382193775436,4.435132424118688,452171.2522960971,1.0938796548740417,0.9318548330327641,0.309202991225094,0.8404439894304259
446,0.280381999758273,4.435962982546178,421028.6333351237,1.0917697957570327,0.8181406463035426,0.4451718608249089,0.7897813761943733
447,0.24152418710190968,4.436801553375662,379725.86130408046,1.0896639428410215,0.7359050395672018,0.5168669057403685,0.8018299826285009
448,0.32282780112263804,4.437645854810431,344362.5464045702,1.0875609552276528,0.7760863024855287,0.5174768824508611,0.7721534680259639
449,0.2052678892860492,4.438495932235922,431189.5866920197,1.0854608556096443,0.7802328708772484,0.586847212537703,0.5443390790417988
450,0.28513163572481676,4.439358389464159,340133.6954288485,1.0833669458930097,0.6807668372478599,0.5223483549630591,0.8039922081807801
451,0.27818807620259733,4.4402277462514785,424268.7744395711,1.081276485955916,0.8671041424779077,0.4402964462419913,0.7632734131571646
452,0.3119627434274288,4.441104330990393,398548.98106300354,1.0791896399946195,0.8551683532866832,0.4137673651916768,0.8495632082091198
453,0.29816814210894615,4.441994788806206,320548.1480092821,1.077109730571773,0.6923508390122717,0.5392895592257869,0.7887756202108229
454,0.27576015317675445,4.442890943796153,378802.9699351691,1.0750326697359927,0.7850498983315847,0.4971608295034383,0.7647661728761956
455,0.24377160377805002,4.443799535617831,357846.5005831549,1.0729618273160781,0.7202942547244586,0.572700208493118,0.7410589080403319
456,0.2619720460558478,4.444712307433658,394845.62596638117,1.0708930748932382,0.8221739226227308,0.4353822620134807,0.8297049952864564
457,0.302480459773875,4.44564237725386,309978.3376484149,1.0688329714725855,0.7369500113529082,0.5639760152543603,0.7210186091611148
458,0.265638404500082,4.446568825696099,311570.7036649097,1.0667710573629519,0.6879376253373901,0.6266854270707952,0.6860220305470077
459,0.24834943952700964,4.447504329226134,358697.5532635873,1.0647136707972156,0.7471218353991761,0.5705480298611028,0.6937248113699525
460,0.27633681073368566,4.448451585823323,359981.99246942345,1.0626621607650568,0.8076948760877424,0.45704872289895365,0.7983838727405266
461,0.2980209659329373,4.449410357777667,420709.1261338658,1.0606164084114758,0.83966429210798,0.45061251988031364,0.791359673257608
462,0.2608884833821046,4.450360947307923,339148.8363261373,1.0585665648458495,0.7131367761619142,0.6427320735406028,0.6046148274995787
463,0.2966385916351629,4.4513273589950275,338213.74057867646,1.0565246323586486,0.7264955636923077,0.5785838825282394,0.7171487326423241
464,0.22676816822831702,4.452299469659309,393310.25805635354,1.0544855493600358,0.7429536986918516,0.6135408926656284,0.6022167721566751
465,0.2690310484226946,4.453277265743701,359293.2829362046,1.0524493090714784,0.74626054811804,0.545762664787285,0.7496573071588326
466,0.24328199330525876,4.45426140670756,374807.33599439607,1.0504162412226543,0.8020566560444398,0.4864171644326023,0.7712276127673492
467,0.25394939960670415,4.455250949963363,346748.2480863965,1.0483858745198025,0.6991801552663774,0.638275773572772,0.6264954519653232
468,0.2948596155313964,4.4562441381740445,344472.5270000978,1.0463573302943898,0.7879097611950556,0.48840618895071625,0.7838520751881295
469,0.2906952708269123,4.457243788520488,374775.0432230991,1.0443320171368582,0.8020815647383059,0.398260301810434,0.8630178528162629
470,0.22331052762672163,4.458247033606076,393664.25237723324,1.0423085013488986,0.7376175358460753,0.6326927632502645,0.5637111092086299
471,0.2501509573468589,4.459253039395573,375505.12319319707,1.0402863659128934,0.7656892792096078,0.5285538914862469,0.6231730680708062
472,0.2874666445188278,4.460270503284835,312171.4370318062,1.0382699595267708,0.6885252117835939,0.6454985485809736,0.6536312803738711
473,0.2972363437348981,4.461294077272013,415683.30654881883,1.0362566081896067,0.870277121790934,0.3811678932123468,0.8360168638212837
474,0.2984697927496603,4.462318287951994,352357.90958979854,1.0342435751988432,0.7801871200878085,0.5906776761079053,0.5419638772111306
475,0.2664175694868516,4.463338243541484,357414.55492617877,1.0322284146628353,0.7745549373184,0.4885404722858641,0.8058447964831922
476,0.2124244410297668,4.4643526645263965,389691.7052096961,1.030210486824538,0.7480713638662576,0.5360701713076814,0.7622288209204819
477,0.31199479207066666,4.465367639679883,334473.53186505707,1.0281928360705272,0.755760266549923,0.56715316512069,0.7188818484212898
478,0.30962514778976663,4.466376482638719,278262.30200711795,1.0261721192191922,0.7231236351678791,0.6246130845655948,0.6431019198853752
479,0.3073016858090592,4.467374782448676,326433.6398305907,1.0241461307934168,0.7812809136866714,0.560161402592312,0.6602802171366988
