perplexity,kl_Q_Qbase,kl_Qbase_Q,kl_sum
1,0.9285517840319581,1.0600534989132921,0.9943026414726251
2,0.6408830284857031,0.6544945345671168,0.64768878152641
3,0.45773522139423267,0.45659759187735877,0.4571664066357957
4,0.35203182220265405,0.3422350807690433,0.3471334514858487
5,0.26285209559928296,0.25364546264330673,0.25824877912129485
6,0.1874643377554416,0.18317098949184574,0.18531766362364366
7,0.14693596813593476,0.14251277564102086,0.1447243718884778
8,0.11885820173739697,0.11330199479290712,0.11608009826515205
9,0.10067026357095209,0.09619939656804244,0.09843483006949727
10,0.07531151131577733,0.07297792415694442,0.07414471773636087
11,0.038493467672664136,0.03890798711228957,0.038700727392476854
12,0.02647927438189968,0.026656050289038644,0.02656766233546916
13,0.016852249800895044,0.016986379042898833,0.01691931442189694
14,0.012655474594838168,0.012685015021538846,0.012670244808188506
15,0.005799320979773216,0.005820283617531846,0.005809802298652531
16,0.0021905484316686245,0.0021889975481734596,0.0021897729899210423
17,0.0013076074493546428,0.0012997449838748293,0.001303676216614736
18,0.0007905260793450237,0.0007845502318745837,0.0007875381556098036
19,0.0007287720815438077,0.0007218701676968741,0.0007253211246203409
20,0.0,0.0,0.0
21,0.0010669214882187473,0.0010565217483722964,0.0010617216182955218
22,0.0013024046344329364,0.0012888651187359626,0.0012956348765844495
23,0.0015998907420936446,0.0015823635610560894,0.0015911271515748671
24,0.0019697080759236876,0.0019448651411048468,0.001957286608514267
25,0.002313484987566757,0.0022824526698877654,0.0022979688287272614
26,0.0027381468297470136,0.002699287027706501,0.0027187169287267573
27,0.003198398829154748,0.0031494316457232325,0.0031739152374389906
28,0.0036766742781011276,0.003617411723404578,0.0036470430007528526
29,0.0041782987154284626,0.004104998990400832,0.004141648852914647
30,0.004774386408383191,0.004686920574489975,0.004730653491436584
31,0.0053235352990805935,0.005220916073668253,0.005272225686374423
32,0.005896411326496874,0.00577560041029037,0.005836005868393622
33,0.007290152839843075,0.0071294948622448225,0.007209823851043949
34,0.009001619411188528,0.008792447681232394,0.008897033546210461
35,0.009839299324293633,0.009599853187413687,0.00971957625585366
36,0.010641261753583563,0.010377308596689819,0.01050928517513669
37,0.011433673794568581,0.011144857395163056,0.01128926559486582
38,0.01223279583727936,0.011918301875010948,0.012075548856145153
39,0.012995077292436557,0.012651931254549184,0.01282350427349287
40,0.013910101375082848,0.01352634599354485,0.013718223684313849
41,0.01652918436014195,0.016016550965948752,0.01627286766304535
42,0.017744852377689954,0.01716291635627909,0.017453884366984522
43,0.018683836428628132,0.018054278631033722,0.018369057529830927
44,0.01978096758435911,0.019084182528501553,0.019432575056430333
45,0.020803404272636095,0.020047730411964906,0.0204255673423005
46,0.02184455783642474,0.021018846610613137,0.021431702223518936
47,0.02550021604762455,0.0244481897752648,0.024974202911444674
48,0.026545302547607074,0.025432372889069257,0.025988837718338167
49,0.027678943330336978,0.026492088524899073,0.027085515927618025
50,0.028655271209028846,0.027431462992700932,0.02804336710086489
51,0.032675368461963825,0.031158748642223184,0.03191705855209351
52,0.03384159406709803,0.032222162275846226,0.03303187817147213
53,0.035093619672457436,0.03336571723154076,0.034229668451999096
54,0.0363015055613379,0.034484696064978795,0.03539310081315834
55,0.03739298390675013,0.03548074039013159,0.03643686214844086
56,0.038596924734851976,0.036559483849018665,0.03757820429193532
57,0.04228465366365375,0.039986218373960984,0.04113543601880737
58,0.04330860484551665,0.040961772235186295,0.042135188540351476
59,0.04424822421019119,0.04182736148689339,0.04303779284854228
60,0.0453890670444325,0.042858134562959116,0.0441236008036958
61,0.0462486625953517,0.04368869099689992,0.04496867679612581
62,0.04696269281615136,0.04441594294053749,0.045689317878344425
63,0.04806186634255312,0.04539252598197551,0.04672719616226431
64,0.04897325193854842,0.046263460060809974,0.0476183559996792
65,0.050094628547669884,0.047260117136505464,0.048677372842087674
66,0.054718727556704864,0.05150550540966019,0.05311211648318252
67,0.05590658706349226,0.05268663691920298,0.054296611991347624
68,0.056767844372823784,0.053480204353923894,0.05512402436337384
69,0.061180438546393316,0.0576072406579992,0.059393839602196255
70,0.0592748226299239,0.055780772691636976,0.057527797660780436
71,0.06054172342948202,0.057033085118512065,0.05878740427399704
72,0.06428912796309712,0.06044449057721974,0.06236680927015843
73,0.06225779674480849,0.05865900578406486,0.060458401264436676
74,0.06356571968071843,0.0597977936201569,0.061681756650437666
75,0.06421960563648997,0.0604553933468275,0.06233749949165873
76,0.06492429225519193,0.06110991355634371,0.06301710290576781
77,0.06925867220948817,0.06499572861173301,0.0671272004106106
78,0.06904099335164107,0.06497740788276529,0.06700920061720318
79,0.07011879381082141,0.06590492652592166,0.06801186016837153
80,0.07117827832997001,0.06681649747245674,0.06899738790121338
81,0.07189608059822448,0.06750619038006374,0.06970113548914411
82,0.07318587487593417,0.06854410153570908,0.07086498820582163
83,0.07376261910344976,0.06908868307496813,0.07142565108920895
84,0.07704278171305308,0.0720407720045489,0.07454177685880099
85,0.07534430280459152,0.07058147182724529,0.0729628873159184
86,0.07881760050850692,0.07370212054992722,0.07625986052921707
87,0.0768932995018303,0.07206454801360888,0.07447892375771958
88,0.07719605184054029,0.07240368800477325,0.07479986992265678
89,0.08050425429431741,0.07537807761611404,0.07794116595521572
90,0.08093233023155037,0.07574624434385716,0.07833928728770376
91,0.08175662236992766,0.07648998425192921,0.07912330331092843
92,0.08324790444057033,0.07769696590664905,0.08047243517360969
93,0.08372811790059535,0.07823989706025217,0.08098400748042375
94,0.08463567954782407,0.07905549461233236,0.08184558708007822
95,0.08506086582488578,0.0794842827570718,0.08227257429097878
96,0.08582696557059874,0.0801593893473614,0.08299317745898008
97,0.08633488795237808,0.08073317311269679,0.08353403053253744
98,0.0866530627159043,0.08109433034041928,0.08387369652816179
99,0.08622909236948251,0.0808537057654714,0.08354139906747696
100,0.08761788650032305,0.08197381332509016,0.08479584991270661
101,0.08761646348694108,0.0819965007595129,0.08480648212322699
102,0.08861919698020425,0.0828815626954947,0.08575037983784947
103,0.08839249270963825,0.0827750679272672,0.08558378031845273
104,0.08938107720961772,0.0836706242152654,0.08652585071244157
105,0.09171212312902685,0.08577969984404415,0.0887459114865355
106,0.0923862182207851,0.08627573477047196,0.08933097649562853
107,0.09323184755659782,0.08702378139904401,0.09012781447782092
108,0.09439326410969757,0.08829950438587654,0.09134638424778706
109,0.09488522065372199,0.08873967182063802,0.09181244623718
110,0.09712336285569255,0.09083744987214112,0.09398040636391683
111,0.0979591943341135,0.09163187157317813,0.09479553295364582
112,0.09640910889289049,0.09008944318437534,0.09324927603863292
113,0.09762912758640847,0.09120854887129237,0.09441883822885042
114,0.10042746010980909,0.09376901210617408,0.09709823610799159
115,0.09920237182415019,0.09261949532070565,0.09591093357242791
116,0.09827931048359632,0.0920033419899224,0.09514132623675936
117,0.09955259046104965,0.09304336319180408,0.09629797682642686
118,0.10030061639840226,0.09379986484894762,0.09705024062367494
119,0.1041233500065084,0.0972517548368133,0.10068755242166084
120,0.10372650425304873,0.09709523321581497,0.10041086873443185
121,0.10342237469023104,0.09660297439975599,0.10001267454499352
122,0.1062006596059661,0.09910323986017829,0.10265194973307219
123,0.10172574656803718,0.09508059283010557,0.09840316969907137
124,0.10239023902052706,0.09563376836001274,0.0990120036902699
125,0.1075061340021612,0.1003333247535431,0.10391972937785215
126,0.10289444851388974,0.09630637147055726,0.0996004099922235
127,0.10983698669040348,0.1024175748599775,0.10612728077519049
128,0.10881178953197404,0.10150778986512016,0.1051597896985471
129,0.10849187759709371,0.10128886689686226,0.10489037224697798
130,0.10942966602467034,0.10218897778928418,0.10580932190697726
131,0.10986888920368548,0.10265296012298465,0.10626092466333506
132,0.10952467174223726,0.10244283702550074,0.105983754383869
133,0.10932782446929527,0.10233986545663017,0.10583384496296272
134,0.1099999272300589,0.10295983418605627,0.10647988070805758
135,0.10977849429823396,0.10296417211151168,0.10637133320487283
136,0.10737505613191507,0.10097639583351864,0.10417572598271685
137,0.11088656648549552,0.10405017848690255,0.10746837248619903
138,0.10863184220267838,0.10213805290841521,0.1053849475555468
139,0.10847955986831544,0.10205106543492223,0.10526531265161884
140,0.11234270087153718,0.10549776769593394,0.10892023428373557
141,0.10925621537479292,0.10279723690423878,0.10602672613951586
142,0.10993110672545967,0.10354221327421782,0.10673665999983875
143,0.11387461481111973,0.10708090369178225,0.11047775925145098
144,0.11102703487171839,0.10474305071017154,0.10788504279094496
145,0.11088865389661835,0.10470154325465954,0.10779509857563895
146,0.11183366853945383,0.10561062451829659,0.10872214652887521
147,0.11135853344529398,0.10515547908823261,0.1082570062667633
148,0.11088670024833719,0.10478442795105226,0.10783556409969472
149,0.11303251926701689,0.10692749286932844,0.10998000606817267
150,0.11615711441717591,0.10962962224250418,0.11289336832984004
151,0.12274304159919315,0.1154363741502153,0.11908970787470423
152,0.12270051517883736,0.11552242700425736,0.11911147109154735
153,0.11839111330886454,0.1116078322694905,0.11499947278917752
154,0.12475785319508098,0.11762042085946217,0.12118913702727158
155,0.12522477049783234,0.11813094087838223,0.1216778556881073
156,0.12484823055320822,0.11785901560746363,0.12135362308033593
157,0.1258412170763221,0.11889443307152064,0.12236782507392137
158,0.1257413956959121,0.11855953836308505,0.12215046702949858
159,0.1260638019014761,0.11895946057155207,0.12251163123651408
160,0.12657252519115378,0.11946770878821053,0.12302011698968215
161,0.12678424966581317,0.11989655839723565,0.12334040403152441
162,0.1263076784381,0.11947712785569772,0.12289240314689887
163,0.12305145302067144,0.11669418258003839,0.11987281780035491
164,0.1250193282463355,0.11840383017658192,0.1217115792114587
165,0.12753449719846202,0.12088591299938163,0.12421020509892183
166,0.12732806715220304,0.12073859234809786,0.12403332975015045
167,0.12589753501711992,0.11952932787586831,0.12271343144649412
168,0.13073245904568326,0.12368814373161391,0.12721030138864858
169,0.1311100917656651,0.12415718515607763,0.12763363846087136
170,0.1336012156355651,0.12634908281264529,0.1299751492241052
171,0.13096446021377936,0.1243524984105801,0.12765847931217972
172,0.13212767160833463,0.12540292229045508,0.12876529694939487
173,0.13457029260791095,0.12759263802446497,0.13108146531618797
174,0.1347802808798574,0.12780897845726197,0.1312946296685597
175,0.1341455024892559,0.12733919525450257,0.13074234887187924
176,0.13118593503583073,0.1247063877209416,0.12794616137838616
177,0.1328520175744511,0.1260881418808049,0.12947007972762797
178,0.13752900985828437,0.13053351601578178,0.13403126293703307
179,0.1375649483704002,0.13058715797325432,0.13407605317182725
180,0.13820629182675684,0.1311902115678378,0.13469825169729732
181,0.13828070189327762,0.13103344218173557,0.1346570720375066
182,0.13529137420583523,0.12887366046783702,0.13208251733683612
183,0.1341589368986462,0.12777232158915666,0.13096562924390143
184,0.13618453362980953,0.12970778072129296,0.13294615717555125
185,0.13638927357186206,0.12983698635647442,0.13311312996416824
186,0.13760585612255719,0.13103728496505387,0.13432157054380553
187,0.13801291005065108,0.1315129678909604,0.13476293897080574
188,0.13809785028041477,0.13149161227103282,0.13479473127572378
189,0.13724184768035505,0.13066325125762412,0.1339525494689896
190,0.1403720877360592,0.13370000049286304,0.13703604411446113
191,0.13902225330427806,0.1324676885044779,0.13574497090437798
192,0.140453453394289,0.13391951141263397,0.13718648240346148
193,0.13823453512433997,0.13195816720370693,0.13509635116402346
194,0.1385118735379505,0.13231865618531524,0.13541526486163286
195,0.14182062267367015,0.13532140440679633,0.13857101354023324
196,0.14250062798776214,0.13620003685691426,0.13935033242233819
197,0.14103989992953278,0.13455553804553186,0.13779771898753232
198,0.1400294742125392,0.13399492073578803,0.1370121974741636
199,0.14373430167090395,0.13726288967560665,0.1404985956732553
200,0.14227124254144558,0.13590846610480856,0.13908985432312707
201,0.14635655096862732,0.13979171427198403,0.14307413262030566
202,0.14431612529432197,0.1379811463220054,0.14114863580816367
203,0.1426319414895069,0.13669334987642046,0.13966264568296366
204,0.1439105308663385,0.1376228619535002,0.14076669640991935
205,0.14648595716269552,0.14027697780889253,0.14338146748579403
206,0.14359635973523288,0.13765906046631515,0.14062771010077402
207,0.14698903761980114,0.14053077296180472,0.14375990529080293
208,0.14455781949994273,0.138541744850329,0.14154978217513586
209,0.17235722471683004,0.1640771420911068,0.1682171834039684
210,0.15194344264408635,0.1450636753329615,0.1485035589885239
211,0.1932793774278207,0.18548334844023695,0.18938136293402882
212,0.20113851211462205,0.19288256850289698,0.19701054030875953
213,0.19165156394685343,0.18372874568095135,0.1876901548139024
214,0.14451922200077347,0.13888281140278172,0.1417010167017776
215,0.20106657652133797,0.1929628372090207,0.19701470686517933
216,0.19425384562738965,0.186419558699788,0.19033670216358883
217,0.19144690579442053,0.18426882568835543,0.18785786574138796
218,0.1464731338594909,0.14104477026455417,0.14375895206202255
219,0.22499253356812654,0.21868371966400924,0.2218381266160679
220,0.18663672883794638,0.17931232009444653,0.18297452446619644
221,0.19333275084251333,0.18551837112426164,0.18942556098338748
222,0.20013822499143738,0.19218747847668308,0.19616285173406023
223,0.24596106728279543,0.24108464702307633,0.24352285715293587
224,0.22559073712945932,0.21873835880550027,0.2221645479674798
225,0.2192884492169298,0.21181169480847864,0.2155500720127042
226,0.23062471532980364,0.22462356778229614,0.22762414155604987
227,0.2203636701700425,0.2131409538020178,0.21675231198603015
228,0.22065732861080878,0.2129914695890644,0.2168243990999366
229,0.22056566693988952,0.21368082218103213,0.21712324456046084
230,0.2210963339321696,0.21455838075859718,0.2178273573453834
231,0.247694749052439,0.24370881445625464,0.24570178175434682
232,0.23723473899190056,0.23184399509183895,0.23453936704186976
233,0.2220571893104178,0.2150666336478103,0.21856191147911405
234,0.2263703674222292,0.22013952338726764,0.22325494540474844
235,0.24918008576291245,0.24436621756044666,0.24677315166167957
236,0.22025472342180924,0.2135277786696747,0.21689125104574197
237,0.27764120078963755,0.2783988848018308,0.27802004279573417
238,0.2187533395399967,0.21135839191743605,0.21505586572871638
239,0.26179737165455597,0.2590858917009298,0.2604416316777429
240,0.2660999240040553,0.2629355369224336,0.26451773046324445
241,0.2795176774111031,0.2789406174347129,0.279229147422908
242,0.3010115878105742,0.3050498103236092,0.3030306990670917
243,0.26011175523682617,0.2550591733934397,0.25758546431513296
244,0.27877872488020305,0.27757990753537387,0.27817931620778846
245,0.27230190585815206,0.26998849155018695,0.27114519870416953
246,0.28807530197157066,0.2906604228408381,0.2893678624062044
247,0.3078630864758885,0.3137201695958606,0.31079162803587457
248,0.2682013260395264,0.26469396048056437,0.2664476432600454
249,0.2844281294536625,0.28392171330217664,0.28417492137791955
250,0.2719437387297629,0.2698122334922861,0.27087798611102454
251,0.2631514899735049,0.2595979738286504,0.26137473190107763
252,0.30956827523689323,0.31434420228624416,0.3119562387615687
253,0.30561172685010823,0.30963891825347917,0.3076253225517937
254,0.3109430145070113,0.3156574223496041,0.3133002184283077
255,0.2836613478165533,0.2825773184959409,0.2831193331562471
256,0.32046118457062295,0.32706860329960824,0.3237648939351156
257,0.3121908017014917,0.31746068524080323,0.31482574347114745
258,0.326427482991923,0.33521645065164973,0.33082196682178633
259,0.3166833247031457,0.32328490652267244,0.31998411561290907
260,0.3144471702161385,0.3196592323183488,0.3170532012672437
261,0.3211751056437816,0.3297154332505243,0.32544526944715296
262,0.3151005882596773,0.32090913012530736,0.31800485919249233
263,0.2999222496969024,0.3024004284438069,0.30116133907035464
264,0.3252947145849829,0.33206364654422893,0.3286791805646059
265,0.31916523143846076,0.3249762020031709,0.32207071672081583
266,0.3214644153775729,0.3296262661648278,0.32554534077120034
267,0.32631374117706713,0.3345831159385834,0.3304484285578253
268,0.32958043115057467,0.33766700272870187,0.33362371693963827
269,0.3404467076616444,0.34857711470044844,0.3445119111810464
270,0.31964574463720347,0.324432646993705,0.32203919581545426
271,0.3337834797678958,0.34298933424876316,0.33838640700832945
272,0.32321454108365866,0.32933142107984764,0.3262729810817532
273,0.32602945722521115,0.33344040181206513,0.32973492951863814
274,0.33876912092606115,0.34992323723365976,0.3443461790798604
275,0.3505336169414988,0.36152344540344683,0.3560285311724728
276,0.33544929581451965,0.3454792006926428,0.34046424825358124
277,0.34661348617751075,0.357942768251768,0.35227812721463936
278,0.3374218792516213,0.34651821336828237,0.34197004630995187
279,0.34974000859557264,0.36186670856605874,0.3558033585808157
280,0.34592763686142297,0.3562194825006919,0.35107355968105747
281,0.3430907366520778,0.35287312124115777,0.3479819289466178
282,0.3478529347055854,0.35805475969087547,0.3529538471982304
283,0.34763734920109945,0.3581392800884637,0.35288831464478154
284,0.36148653279018894,0.37311091275068686,0.3672987227704379
285,0.3473798306403596,0.35853136169701527,0.35295559616868744
286,0.35428255452219953,0.36645721721200747,0.3603698858671035
287,0.3533905264654404,0.36518274759116004,0.3592866370283002
288,0.3740235267475548,0.3889181396198384,0.38147083318369657
289,0.35707152047635454,0.36959876218877563,0.36333514133256506
290,0.3648199696033709,0.3782127754277305,0.3715163725155507
291,0.36276498682304303,0.37625373020354946,0.36950935851329625
292,0.3603521190150915,0.37292686218865,0.36663949060187073
293,0.3620550727560826,0.3755021073963533,0.36877859007621794
294,0.36193077510429555,0.37498519072103564,0.3684579829126656
295,0.36933949887299633,0.38289718891008767,0.376118343891542
296,0.3596829122083074,0.3727012630328437,0.36619208762057553
297,0.3695123556113264,0.38474781614109693,0.37713008587621166
298,0.36753758667977304,0.3803817345729282,0.3739596606263506
299,0.38120487451805396,0.3967503083325079,0.38897759142528093
300,0.37164482979817226,0.3869330645566481,0.3792889471774102
301,0.3789187900114429,0.39422985507167363,0.38657432254155827
302,0.39199030058669104,0.4077279357887979,0.39985911818774444
303,0.3892444313378209,0.4058262722091363,0.3975353517734786
304,0.39673759399434977,0.4159155341400696,0.4063265640672097
305,0.39133067719468184,0.40814671499321387,0.39973869609394785
306,0.40319149804242144,0.42161882433050385,0.41240516118646264
307,0.4034862502797005,0.4206130115908616,0.412049630935281
308,0.3991554531632642,0.41755565746905676,0.40835555531616047
309,0.39514351282119275,0.41338586330892807,0.40426468806506044
310,0.40566109393542243,0.4230425323193552,0.4143518131273888
311,0.3813034505276406,0.3967995242081434,0.38905148736789197
312,0.3880092767276722,0.40496520131077196,0.3964872390192221
313,0.40745822479091753,0.4253252460724911,0.4163917354317043
314,0.4050142015669469,0.4250701874072818,0.4150421944871143
315,0.3888215976392732,0.4065488384236588,0.397685218031466
316,0.4056666930609538,0.4251849526964057,0.4154258228786798
317,0.4150001654928547,0.43410941302560097,0.42455478925922785
318,0.4174737516204576,0.4386976699304522,0.4280857107754549
319,0.40905485773375305,0.43015325213490063,0.41960405493432684
320,0.42118960275563216,0.4424272727145009,0.4318084377350665
321,0.4199348489502499,0.4422144879585892,0.43107466845441955
322,0.4122092633075674,0.4325158545113565,0.42236255890946195
323,0.40802494788011784,0.42667001869834775,0.41734748328923277
324,0.4178140105511096,0.4382876781898245,0.42805084437046703
325,0.4116419388866346,0.4315051028361539,0.4215735208613942
326,0.4225529018791269,0.44425560827766425,0.4334042550783956
327,0.4291435628963647,0.45127889055474263,0.4402112267255537
328,0.4295726283510141,0.4501906743224429,0.4398816513367285
329,0.42941003301775954,0.4500596651087569,0.4397348490632582
330,0.4307727709920266,0.4530689290378631,0.44192085001494485
331,0.4317050217912218,0.4531349115908009,0.44241996669101136
332,0.42888186911887216,0.45045059577450586,0.439666232446689
333,0.4276956299334121,0.448895373398477,0.43829550166594455
334,0.4316843857623606,0.45271488827233236,0.4421996370173465
335,0.4334724704153063,0.45453089195415786,0.44400168118473204
336,0.4304105842387331,0.45084068032478997,0.44062563228176155
337,0.43613790232843835,0.45819758575182723,0.4471677440401328
338,0.43559481519899523,0.45719979506574543,0.4463973051323703
339,0.4376105890355557,0.46021130590092624,0.448910947468241
340,0.435293087449582,0.4561123871832632,0.4457027373164226
341,0.4372528813607751,0.4585537759695347,0.4479033286651549
342,0.43615672503622605,0.4567840642597917,0.44647039464800886
343,0.43802604403353024,0.4588489695183307,0.4484375067759305
344,0.44236372547228864,0.46539381234717847,0.45387876890973355
345,0.44715712294599114,0.47062439611100026,0.4588907595284957
346,0.4449185587533083,0.468053596342235,0.45648607754777165
347,0.44914380294212214,0.47329846955414273,0.46122113624813244
348,0.44304907803969823,0.46503810672065726,0.4540435923801778
349,0.446893904494338,0.46933704833633594,0.458115476415337
350,0.4438712449999121,0.46533087192767647,0.4546010584637943
351,0.4565755488344912,0.4809609258881828,0.468768237361337
352,0.4558752185122975,0.48055732684786634,0.4682162726800819
353,0.44802652588482833,0.4713112489775494,0.45966888743118883
354,0.45503147848750997,0.4786084669313375,0.46681997270942377
355,0.453786389454408,0.477767178545868,0.465776784000138
356,0.44775529938868425,0.469917874463008,0.4588365869258461
357,0.4497116210488124,0.47266980973698736,0.4611907153928999
358,0.45394878086039214,0.47818288342777476,0.4660658321440835
359,0.45756093303531753,0.48307523204273695,0.47031808253902724
360,0.45659019329470985,0.48078978309797,0.4686899881963399
361,0.45930143292549785,0.48349624876197766,0.47139884084373773
362,0.4539919698254223,0.47644419136682287,0.4652180805961226
363,0.4632087958214523,0.4876812714500577,0.47544503363575497
364,0.4659587748410294,0.49168882008413695,0.4788237974625832
365,0.4721325689126056,0.4981345260122755,0.48513354746244053
366,0.4587596230949024,0.482431846933864,0.47059573501438323
367,0.46720632561222314,0.49327441943283085,0.480240372522527
368,0.4741707600269984,0.5002686321451018,0.4872196960860501
369,0.463582247222797,0.4884553909786373,0.4760188191007172
370,0.46693991944847324,0.4913813054044619,0.47916061242646757
371,0.4708942695797405,0.4968509171961803,0.4838725933879604
372,0.4669980058290071,0.4912349922321381,0.47911649903057263
373,0.4706414172254612,0.49539392307531016,0.48301767015038566
374,0.4729056782565897,0.4991085985515079,0.4860071384040488
375,0.4698788443250207,0.49506081494798626,0.4824698296365035
376,0.47118427868366225,0.4956855674330757,0.483434923058369
377,0.474927635588003,0.5006717590582868,0.4877996973231449
378,0.4815700131826953,0.5080486942513529,0.4948093537170241
379,0.48239885059150717,0.509241347432078,0.4958200990117926
380,0.4716700387982506,0.4963546709434238,0.48401235487083716
381,0.475916164451267,0.49950216547919707,0.48770916496523203
382,0.48001026163897054,0.5069721173035966,0.49349118947128356
383,0.48212348176181885,0.5087575884303929,0.49544053509610586
384,0.48714418252168595,0.51399094054893,0.500567561535308
385,0.4818216189199568,0.5075531126624605,0.49468736579120864
386,0.4796494231743423,0.5049301336692854,0.4922897784218139
387,0.47903780035668286,0.5028632283015223,0.4909505143291026
388,0.47999531957281527,0.5061987036073586,0.49309701159008695
389,0.48154124650050545,0.5050246650396879,0.4932829557700967
390,0.4882646486231693,0.5144177368700115,0.5013411927465904
391,0.4904513453486875,0.516830933941133,0.5036411396449103
392,0.49322719337237464,0.5200773657739663,0.5066522795731705
393,0.48283665677230325,0.5085980662455329,0.4957173615089181
394,0.4969357982197966,0.5232697576518694,0.510102777935833
395,0.4904310598831217,0.5168346491867168,0.5036328545349192
396,0.49358345711257273,0.5208973154605734,0.5072403862865731
397,0.49042757230850675,0.5169488883802372,0.5036882303443719
398,0.48907185038141504,0.5142760023775192,0.5016739263794672
399,0.48890694080914726,0.5143309702219752,0.5016189555155612
400,0.4924403254185348,0.5178448720368983,0.5051425987277165
401,0.49271563201340757,0.518161656131459,0.5054386440724333
402,0.49486451102688667,0.5214903441009161,0.5081774275639014
403,0.49354534625542423,0.5195926748696665,0.5065690105625453
404,0.4923512349824529,0.5186311692224683,0.5054912021024607
405,0.4912405769060813,0.5164801340264286,0.503860355466255
406,0.505245115806035,0.5337374145450418,0.5194912651755383
407,0.4953343125988228,0.5219405742771669,0.5086374434379949
408,0.5013826486830291,0.5290273632968575,0.5152050059899433
409,0.5017071172097598,0.5296144079558858,0.5156607625828228
410,0.5012630081051055,0.529424708984953,0.5153438585450292
411,0.5010210006543485,0.5278991277756464,0.5144600642149975
412,0.5111883233580762,0.5406675431505565,0.5259279332543163
413,0.4976847199199978,0.5229445373778259,0.5103146286489119
414,0.5078461228018252,0.5358699278816152,0.5218580253417202
415,0.5021346041670691,0.5288192794427169,0.515476941804893
416,0.5017361044373778,0.5282864545901703,0.515011279513774
417,0.5143759608921011,0.5440984469889869,0.529237203940544
418,0.5155258020497644,0.5443114150519173,0.5299186085508408
419,0.5263699918244695,0.5567700385627041,0.5415700151935868
420,0.5124351025558067,0.5410049343537198,0.5267200184547632
421,0.5123923278829066,0.5405000320273957,0.5264461799551512
422,0.5152842983758518,0.5432470417779188,0.5292656700768853
423,0.5193608595958598,0.547879259582043,0.5336200595889513
424,0.5277646117320238,0.5589098973631833,0.5433372545476036
425,0.5196746176631369,0.5492580799763198,0.5344663488197283
426,0.5185563634177932,0.5475979151221997,0.5330771392699964
427,0.5211464245310615,0.5501959759371622,0.5356712002341119
428,0.5322219256574343,0.5626900854853544,0.5474560055713944
429,0.5379116759497443,0.570082012004105,0.5539968439769247
430,0.5179455432758953,0.5463245259598164,0.5321350346178558
431,0.5269704839055736,0.5564139828582739,0.5416922333819237
432,0.5290018715564825,0.5580057518585587,0.5435038117075206
433,0.5332342535700625,0.5648257009013402,0.5490299772357013
434,0.5333596230128164,0.5624508800845376,0.547905251548677
435,0.5265237676784734,0.5553125099555468,0.5409181388170101
436,0.5321989545605528,0.561528604292038,0.5468637794262954
437,0.534602876876801,0.5645114166065889,0.5495571467416949
438,0.529836940627708,0.5575777763870162,0.5437073585073622
439,0.5344075425146734,0.5638513374869064,0.5491294400007899
440,0.5338338332290923,0.5639456685008299,0.5488897508649611
441,0.5413018376883878,0.5713894449866126,0.5563456413375002
442,0.5354338374996874,0.5647701708448217,0.5501020041722546
443,0.5437683653193806,0.5741820057704131,0.5589751855448968
444,0.5465890105238922,0.5746280342399525,0.5606085223819224
445,0.5375176526985004,0.5682781355826473,0.5528978941405738
446,0.5431539672100759,0.5743817578394997,0.5587678625247878
447,0.5369709062367625,0.5667258178795416,0.551848362058152
448,0.5453682816102825,0.5766489149242183,0.5610085982672504
449,0.5654618745605631,0.6002425515078189,0.582852213034191
450,0.5370654594137794,0.5667004743915697,0.5518829669026746
451,0.5586668311911919,0.5913369496489829,0.5750018904200873
452,0.5413505903340864,0.572456291286271,0.5569034408101787
453,0.5748211119730957,0.6111088900850004,0.592965001029048
454,0.5636226575726829,0.5971686243865015,0.5803956409795923
455,0.5662378771174078,0.6009845704310264,0.583611223774217
456,0.5713224212862965,0.6050854774906238,0.5882039493884601
457,0.5685846894907702,0.6032324048536173,0.5859085471721938
458,0.557400543275193,0.591158738695845,0.574279640985519
459,0.5687426109272548,0.6027155128636725,0.5857290618954636
460,0.5536189718744094,0.5826284980765837,0.5681237349754966
461,0.5670560327162292,0.6001726115856318,0.5836143221509305
462,0.5798928360210713,0.6158251800974387,0.597859008059255
463,0.5838184115680671,0.6194735181894128,0.60164596487874
464,0.570517970898255,0.6026215153068618,0.5865697431025584
465,0.5808530368751449,0.6159988145814338,0.5984259257282893
466,0.5761828842853489,0.6070843970890147,0.5916336406871818
467,0.5813775600600091,0.6179984184254808,0.5996879892427449
468,0.5828681351297924,0.6179309884106493,0.6003995617702209
469,0.5834714136005027,0.6169021358534607,0.6001867747269817
470,0.5888120671958488,0.625068286138003,0.6069401766669259
471,0.5814142956817332,0.613882924913166,0.5976486102974496
472,0.5864101606995389,0.6262847990348274,0.6063474798671831
473,0.5889939349415015,0.6236443639164004,0.606319149428951
474,0.599385424553293,0.6387759709765168,0.6190806977649049
475,0.6035302836750487,0.6446645951544671,0.6240974394147578
476,0.582365723244652,0.6163140402637988,0.5993398817542254
477,0.5990204719089192,0.637345522995485,0.6181829974522021
478,0.5954681766172378,0.6324616234200312,0.6139649000186345
479,0.5970289835228556,0.6341689667493238,0.6155989751360897
480,0.602463793067188,0.6401493243250094,0.6213065586960986
481,0.6035229669314267,0.6418543763934683,0.6226886716624476
482,0.6068531422302131,0.6450854619582287,0.625969302094221
483,0.6080701038249622,0.6475199814388588,0.6277950426319105
484,0.6044775422349637,0.6416775855094962,0.6230775638722299
485,0.6052950760220625,0.6443328555782015,0.6248139658001319
486,0.6200433903230093,0.6604057274805644,0.6402245589017868
487,0.6134982928912417,0.6545518956642358,0.6340250942777388
488,0.6127143586306176,0.6551623036125427,0.6339383311215802
489,0.6047236346396664,0.6397272779145009,0.6222254562770837
490,0.610760861021129,0.6491538199424475,0.6299573404817882
491,0.6123823249591759,0.6516075885649556,0.6319949567620657
492,0.6169547606774269,0.6588216645675915,0.6378882126225092
493,0.6122445453654206,0.6502118610752572,0.6312282032203389
494,0.611342830477101,0.6508754933203962,0.6311091618987485
495,0.616985699360759,0.6561434607438208,0.6365645800522899
496,0.6173639900981044,0.6570853576091694,0.6372246738536369
497,0.6134036837496378,0.6509752769160311,0.6321894803328345
498,0.6196948218312144,0.6601074851705353,0.6399011535008748
499,0.6222112376491455,0.6622547136107596,0.6422329756299525
500,0.6217027575465917,0.6624652922763381,0.6420840249114649
501,0.6189693654651934,0.6590478971873084,0.6390086313262509
502,0.623591615195797,0.6650643008539922,0.6443279580248946
503,0.6327072088728207,0.6751310116312453,0.653919110252033
504,0.6260131343105412,0.6675669909190156,0.6467900626147784
505,0.630487728497833,0.6698531896108525,0.6501704590543427
506,0.6263129559806194,0.6665988358719931,0.6464558959263063
507,0.6347971518022325,0.6767380312539901,0.6557675915281114
508,0.629649008043988,0.6696976286897323,0.6496733183668602
509,0.6312372582793845,0.6726870083332604,0.6519621333063225
510,0.632022924884835,0.6728412131972394,0.6524320690410372
511,0.626072285334484,0.6656394379291308,0.6458558616318074
512,0.645569023817186,0.6881004398087665,0.6668347318129761
513,0.6289820419596945,0.6701436801340326,0.6495628610468636
514,0.6381552079581465,0.6796330270875988,0.6588941175228726
515,0.6344529319982919,0.6758951674110424,0.6551740497046672
516,0.6413192772829875,0.6844676987278425,0.662893488005415
517,0.6345026077199963,0.676119271798411,0.6553109397592036
518,0.644864687037792,0.6871124097096982,0.6659885483737451
519,0.6366394212985843,0.6774693645741775,0.6570543929363809
520,0.6497076348004936,0.6927796883140939,0.6712436615572938
521,0.6528570054688333,0.6966934243331935,0.6747752149010133
522,0.6424336006753202,0.685745288038609,0.6640894443569646
523,0.6358076990655235,0.6769909767835409,0.6563993379245322
524,0.6514884445287676,0.6964811382563824,0.673984791392575
525,0.6531274459251761,0.6971461442995838,0.6751367951123799
526,0.6513531698908404,0.6970348724013364,0.6741940211460884
527,0.6503218622807899,0.6944949259700162,0.6724083941254031
528,0.6543970499763858,0.6994502467092044,0.6769236483427952
529,0.6532036468634256,0.6992615391935663,0.6762325930284959
530,0.6618371893766936,0.7087036272103501,0.6852704082935218
531,0.6525116504585766,0.6971217769402461,0.6748167136994114
532,0.655208418823714,0.6992849642413206,0.6772466915325173
533,0.6649356539405874,0.7114089796665323,0.6881723168035598
534,0.6657491117693017,0.714045078451085,0.6898970951101934
535,0.666345709189578,0.7140273570034619,0.69018653309652
536,0.6599421671685273,0.7050940837356777,0.6825181254521024
537,0.6627250606686276,0.7087994406245502,0.6857622506465889
538,0.6615305502862628,0.7085338387616775,0.6850321945239701
539,0.6619360422497831,0.7076005512782882,0.6847682967640356
540,0.6626705876141327,0.7093850686144162,0.6860278281142744
541,0.6592328607679978,0.7044503367785864,0.6818415987732921
542,0.6664735975969295,0.7139159799570656,0.6901947887769975
543,0.6677080611425211,0.7146739401999139,0.6911910006712175
544,0.6673974620259189,0.7128087490877183,0.6901031055568185
545,0.6743842833755541,0.7237800276290625,0.6990821555023083
546,0.6721145704607105,0.7197913141280801,0.6959529422943953
547,0.6701906753086917,0.7156144956003405,0.6929025854545161
548,0.6698673642265602,0.7169433202136293,0.6934053422200948
549,0.6815998443035203,0.7325742337461528,0.7070870390248365
550,0.6734380341666198,0.7222879807257181,0.6978630074461689
551,0.6805757819982444,0.7306350360390432,0.7056054090186439
552,0.6864624286712994,0.7391676773178466,0.7128150529945729
553,0.6833441107258044,0.7355254413923348,0.7094347760590696
554,0.685522775789199,0.7383175106608084,0.7119201432250037
555,0.6802211658419212,0.7299407756403626,0.7050809707411418
556,0.6879905698220682,0.7399373049896374,0.7139639374058528
557,0.6873534673090632,0.7397280389602249,0.713540753134644
558,0.68420831034576,0.7354608193689083,0.7098345648573341
559,0.6783679335420358,0.7278726760050823,0.703120304773559
560,0.6913495573836013,0.7455279956943773,0.7184387765389892
561,0.6896710749179501,0.7406953838615817,0.715183229389766
562,0.6883597328910667,0.7392004905666666,0.7137801117288667
563,0.6966444608528506,0.7501787979745594,0.723411629413705
564,0.6937940037167518,0.7472333053938093,0.7205136545552806
565,0.6916207817561691,0.7442992584125577,0.7179600200843634
566,0.6900245364019435,0.7418085910833813,0.7159165637426623
567,0.6955646774560639,0.7524719490065869,0.7240183132313254
568,0.692685837174675,0.747139553049662,0.7199126951121685
569,0.6953806448211849,0.7510315507409606,0.7232060977810728
570,0.6987706358409712,0.7534184174812809,0.7260945266611261
571,0.7032148584304337,0.7599505544545966,0.7315827064425151
572,0.7067413166346603,0.7633768672257131,0.7350590919301867
573,0.7017457999847942,0.7559256036538063,0.7288357018193004
574,0.7050243693056577,0.7637930065685882,0.734408687937123
575,0.7060959205317315,0.7618626841187385,0.733979302325235
576,0.7093567281778641,0.7663959401139854,0.7378763341459247
577,0.7139468628867706,0.7729660832839967,0.7434564730853837
578,0.708025431047395,0.7645066214776479,0.7362660262625215
579,0.7039046822269759,0.7622800167664652,0.7330923494967205
580,0.6979271811658473,0.7535335074092026,0.7257303442875249
581,0.7165091754431641,0.7769596794300532,0.7467344274366086
582,0.7148296464295524,0.7741183633984161,0.7444740049139842
583,0.7044896407877492,0.7625111625684288,0.733500401678089
584,0.7176413630691361,0.7804917114300467,0.7490665372495914
585,0.713949440310999,0.7757971719552518,0.7448733061331254
586,0.7230424522997702,0.7884588080161004,0.7557506301579353
587,0.7198799125646587,0.7801688404340229,0.7500243764993408
588,0.7234112547597971,0.7883674337512153,0.7558893442555061
589,0.7221983746862405,0.7824135863910989,0.7523059805386697
590,0.7228857071109803,0.7873166103236929,0.7551011587173366
591,0.720614523014515,0.7848465804478235,0.7527305517311693
592,0.7235556172735201,0.7876608989567039,0.755608258115112
593,0.7231831297684017,0.7831668830049883,0.753175006386695
594,0.722190764336614,0.7850385553010253,0.7536146598188196
595,0.7290240090959608,0.7958809064009359,0.7624524577484484
596,0.7277481700158204,0.7885593381588939,0.7581537540873571
597,0.7266487874455484,0.7921011277024526,0.7593749575740005
598,0.7324528393114613,0.7984929750890886,0.7654729072002749
