perplexity,aucrnx_chain,aucrnx_normal,kl_chain_normal,kl_normal_chain,kl_sum,running_time_chain,running_time_normal
1,0.43334014721677394,0.2575669634456978,1.2242470233476868,1.1280075114887813,1.176127267418234,8.325396537780762,9.865355014801025
2,0.4763081861864375,0.4198203622773667,0.5454272849246279,0.5865961380122975,0.5660117114684626,6.603787660598755,6.003235578536987
3,0.49512358382965616,0.4518564279625891,0.41940991021329593,0.44052143415154993,0.42996567218242293,6.221951007843018,5.535478591918945
4,0.5047165856766679,0.45427247217997463,0.39146893076490274,0.4414423608070608,0.41645564578598177,5.890578508377075,5.358423471450806
5,0.5085908931888243,0.47969809817960096,0.33796469453135447,0.3731526212069826,0.3555586578691685,6.01437783241272,5.337053060531616
6,0.5123367982226156,0.48606894768086784,0.3294454157113206,0.3686590544817927,0.34905223509655664,5.735536336898804,5.156113386154175
7,0.5117216799592413,0.4887136988688294,0.3037628000595079,0.31571185621827574,0.3097373281388918,5.438329219818115,5.030659914016724
8,0.5129839239106554,0.48767570076258643,0.29682246288674613,0.32170417838312076,0.30926332063493345,5.427648544311523,5.078177452087402
9,0.5135878589851558,0.4931850327573278,0.2866226761788915,0.31283919907711005,0.29973093762800074,5.268406867980957,4.951876401901245
10,0.5140176438490408,0.4903826996949007,0.2753246187162538,0.3095378868863394,0.29243125280129656,5.392012596130371,4.9563562870025635
11,0.5150102863375849,0.49205645122822944,0.2757492299443454,0.31343682250515753,0.2945930262247515,5.466561317443848,4.862874746322632
12,0.5132241552969309,0.49692408662102966,0.26130655579279466,0.28734689784438017,0.2743267268185874,5.226206064224243,4.815834999084473
13,0.5119471281411981,0.49454799840819763,0.2678914450776608,0.29192363439348346,0.27990753973557214,5.042118072509766,4.8639466762542725
14,0.5115121448322829,0.5033535316979098,0.23470178879540818,0.270843845872063,0.2527728173337356,4.897012948989868,4.892160415649414
15,0.510957274533719,0.5038112699047997,0.2549963970268483,0.29050829131582073,0.27275234417133454,5.09608006477356,4.773906946182251
16,0.508954464880664,0.5002703935709051,0.2656577622148403,0.30297266195733674,0.2843152120860885,5.0539469718933105,4.687513589859009
17,0.5087916835225467,0.5042285776990472,0.22868849030232274,0.26208212714374357,0.24538530872303316,5.241096496582031,4.668798208236694
18,0.5082577972066362,0.5008679581454094,0.24992686943111767,0.28388204667288786,0.26690445805200275,5.014716863632202,4.657861948013306
19,0.5058881825016378,0.4997445346323769,0.2545806980766597,0.28633447376960325,0.27045758592313146,4.926050186157227,4.653449535369873
20,0.5077712012223675,0.4977238633174496,0.2315541895926404,0.2600881254881964,0.2458211575404184,4.883077621459961,4.713341951370239
21,0.5064996480709523,0.49991041617276766,0.22940757041078866,0.25389036785720437,0.24164896913399653,4.89632773399353,4.569053411483765
22,0.5071747955850445,0.5061599807607999,0.1826124057517971,0.2100542773540185,0.1963333415529078,4.965929746627808,5.055614948272705
23,0.5052503862163052,0.4976349419130497,0.23247605473324442,0.26088827976272244,0.24668216724798342,4.945547342300415,4.671871900558472
24,0.5029437661633145,0.49827605291521876,0.23308572969597602,0.25907517909360095,0.24608045439478848,4.778557062149048,4.554090976715088
25,0.5044963714671745,0.5033549434124546,0.18192290901140973,0.19707305148896415,0.18949798025018694,4.999061584472656,4.85026741027832
26,0.5039535914635845,0.5047117552411412,0.21140821000805973,0.2269815107586803,0.21919486038337002,4.797611236572266,4.629444360733032
27,0.5025651779221266,0.5002772185256062,0.20586916257905163,0.22108748499743944,0.21347832378824555,4.890733242034912,4.55617618560791
28,0.5026061316205903,0.5024978449934147,0.20237734456160314,0.2192961084179574,0.21083672648978027,4.682392120361328,4.568371534347534
29,0.5005328817444029,0.500401417316951,0.19359350544695675,0.21065832972503135,0.20212591758599405,4.9136061668396,4.637809753417969
30,0.5002985355392042,0.4960769039963643,0.20050538064276158,0.21402518790825031,0.20726528427550595,4.671739101409912,4.573550224304199
31,0.49912186182524676,0.500638156532422,0.22008160398833804,0.23658451802707267,0.22833306100770534,4.799623727798462,4.79584527015686
32,0.4972251831686394,0.495578365281406,0.20562819277227862,0.21860658004956288,0.21211738641092076,4.819742202758789,4.566953182220459
33,0.49778980748959084,0.4987516834118773,0.20880648276726987,0.2225509905348999,0.2156787366510849,4.798278093338013,4.855153322219849
34,0.4969120148583712,0.49738134516251387,0.22054679328517074,0.23429291575030642,0.22741985451773858,4.807971000671387,4.514269828796387
35,0.49421899543270004,0.49738491893453946,0.19719255406691913,0.21078294115445725,0.2039877476106882,4.6541290283203125,4.5323381423950195
36,0.4945211260447184,0.49597991154673565,0.20355148790663596,0.21999825784113508,0.21177487287388552,4.864954710006714,4.496857404708862
37,0.49517404369738,0.4968900585656862,0.20341611982251104,0.21980259056066892,0.21160935519158997,4.946209907531738,4.6068878173828125
38,0.4948886175528925,0.49612449398810227,0.17425109632960778,0.18974923185414652,0.18200016409187714,4.588773488998413,4.758089065551758
39,0.4928064094677191,0.4945007135750139,0.17205029043608167,0.18903249175744158,0.18054139109676162,4.732550621032715,4.649212121963501
40,0.49148930710099115,0.49151589108838406,0.17830064457602018,0.19400141911833332,0.18615103184717674,4.757193565368652,4.491667985916138
41,0.49356440026602577,0.4876098600964298,0.21972259990526607,0.23599078937784065,0.22785669464155336,4.660560369491577,4.476330518722534
42,0.49048885886598925,0.48558959981838906,0.22367109538199328,0.24637278103578628,0.23502193820888978,4.614840984344482,4.664506912231445
43,0.4895890692736119,0.4869292651977742,0.1851572074021178,0.20726165801666335,0.19620943270939056,5.002880096435547,5.022122144699097
44,0.4900627584265695,0.4846681846202218,0.1954274784875322,0.21001000693894173,0.20271874271323698,4.715448379516602,4.605870008468628
45,0.4905198902025257,0.4811420557767599,0.22238838495738544,0.237219771878962,0.22980407841817374,4.977605581283569,4.762014627456665
46,0.4875530141951376,0.48155534491331675,0.22211099275541735,0.2404861814432256,0.23129858709932147,4.6152191162109375,4.73917031288147
47,0.4859231779718166,0.48035105313766036,0.16481853648597722,0.18891120591296243,0.1768648711994698,4.60151219367981,4.735376358032227
48,0.4862223167798109,0.476503887083733,0.19397612566653846,0.21651274173661517,0.2052444337015768,4.570518732070923,4.581498622894287
49,0.48374301411815146,0.4823911784864051,0.1432704097376103,0.15858727658546867,0.15092884316153948,4.590085506439209,4.466202020645142
50,0.4836432514271901,0.4894760551182542,0.14110688343395852,0.14968529429800215,0.14539608886598032,4.614393472671509,4.494598865509033
51,0.48474368907741594,0.49045326429291564,0.19428230846888644,0.20213677403385463,0.19820954125137052,4.894705057144165,4.589794158935547
52,0.4832890113347885,0.49342805402073275,0.18844932961049096,0.19592778410639378,0.19218855685844238,4.771669864654541,4.513733148574829
53,0.48094686015330246,0.4900010331822017,0.17825989746779486,0.1880308462374344,0.18314537185261465,4.639652729034424,4.46628737449646
54,0.48013704837079846,0.48670824964065823,0.17681898242763627,0.1834796127441172,0.18014929758587672,4.793033599853516,4.463247060775757
55,0.4797241762583265,0.4876318979734004,0.20885415622978873,0.2137260017219845,0.2112900789758866,4.762475967407227,4.46374773979187
56,0.4794021985836486,0.48981067315569976,0.2068139639585349,0.2095058112623993,0.2081598876104671,4.66326904296875,4.579046249389648
57,0.4785797782015012,0.4861601420261459,0.17157752096871143,0.17378224102046028,0.17267988099458587,5.063982725143433,4.552300930023193
58,0.47759668699526925,0.4883213868496819,0.17654410524243785,0.17441910467235916,0.1754816049573985,4.770855188369751,4.437001466751099
59,0.4773740062709115,0.48540618819394504,0.17562277052185876,0.17298167474367365,0.1743022226327662,4.683884620666504,4.665956497192383
60,0.47603747026722687,0.48301490644663475,0.17650366702577788,0.17298461237549934,0.17474413970063862,4.758642196655273,5.130187749862671
61,0.47530918375176273,0.48438120331542256,0.1934461337812657,0.18865786836922957,0.19105200107524764,4.5705201625823975,4.881762504577637
62,0.4743028230679313,0.48376419639388385,0.17817806445512915,0.1739422222002096,0.1760601433276694,4.661078214645386,4.8834309577941895
63,0.47331655407354284,0.4808765743850648,0.18114964009055504,0.17824337981180205,0.17969650995117853,4.637685298919678,6.151001214981079
64,0.4740805171279292,0.4826533417990281,0.18554895006261696,0.17912986948138962,0.1823394097720033,4.620588779449463,4.76156759262085
65,0.47228267842061444,0.4838007393050721,0.1772945395908933,0.1707352608414474,0.17401490021617036,5.118587493896484,4.5814478397369385
66,0.47180603902816604,0.48053646239946207,0.17718964984093752,0.17290193592354197,0.17504579288223976,4.691093683242798,4.622762680053711
67,0.4704428001164287,0.4834832343024854,0.18015957411674638,0.17321836972861754,0.17668897192268196,4.850334882736206,4.683731317520142
68,0.47077369300608374,0.48236151141348615,0.18161678491467145,0.1743404320460281,0.17797860848034977,4.750194311141968,4.554564476013184
69,0.4690996836177265,0.47994808434096775,0.1708172684255989,0.16675697682511417,0.16878712262535656,4.856794118881226,4.620491027832031
70,0.46909955736663206,0.48160571657412105,0.17185358353934094,0.1676903947645819,0.1697719891519614,4.705221652984619,4.50339412689209
71,0.46881994447962183,0.47560202506814225,0.17067011216544586,0.16932210569367045,0.16999610892955816,4.675804138183594,4.631304979324341
72,0.467063109469826,0.4738368951711455,0.1670600359149609,0.1667623487573995,0.1669111923361802,4.526462554931641,4.6070733070373535
73,0.46748950157088537,0.47393240549774857,0.16362308090847344,0.16097087194446022,0.16229697642646684,4.586438179016113,4.5732421875
74,0.4674950068273215,0.47471680492578155,0.16748875165870722,0.16456807991340783,0.16602841578605754,4.61496639251709,4.652857303619385
75,0.4667217883181099,0.4732789228088772,0.16395236219572593,0.16245150265960934,0.16320193242766762,4.644653797149658,4.722261190414429
76,0.4661792091875617,0.47537640276576726,0.1687465936854025,0.166606160502348,0.16767637709387526,4.609037160873413,4.7130279541015625
77,0.46657570168860796,0.47557549161594354,0.1652761663354006,0.15782995758308932,0.16155306195924496,4.755611419677734,5.310603618621826
78,0.4647398612633235,0.4708325528622883,0.17416536327153978,0.17142581830316123,0.17279559078735052,4.806896448135376,5.2110841274261475
79,0.4655960125863351,0.47316525019236766,0.16803135958714882,0.16388565273916997,0.16595850616315938,5.092916965484619,5.140951156616211
80,0.46553580457267807,0.4705904031017992,0.17039118935975434,0.16001881059437584,0.1652049999770651,4.875716924667358,5.2240681648254395
81,0.46461505438660117,0.47294532675139656,0.16737897339281144,0.16479118912944205,0.16608508126112675,4.770773410797119,5.132411479949951
82,0.4624592406946649,0.4762965981292008,0.17592853531140001,0.16879097329748685,0.17235975430444345,4.725029230117798,5.130395889282227
83,0.46100634054102874,0.4745417536582004,0.1720622145742775,0.16748964731244356,0.16977593094336052,4.886372327804565,5.086463451385498
84,0.4626136458157399,0.47021589011954523,0.1702441174084003,0.16799146460428335,0.16911779100634183,4.970614910125732,4.797778844833374
85,0.46041868755321214,0.4742128626610789,0.17404712250031826,0.17058189809383764,0.17231451029707795,4.83885645866394,4.83660364151001
86,0.4619544408098,0.4684855809495257,0.16397375633762534,0.16237195309437946,0.1631728547160024,4.653731822967529,4.756424427032471
87,0.4600574668003289,0.4648584724830179,0.16249848652506857,0.16437316920372635,0.16343582786439748,4.694668292999268,4.775496959686279
88,0.458524344814866,0.4620295476042487,0.18680732484016033,0.18547545174536323,0.18614138829276178,4.730424880981445,4.809553384780884
89,0.4585041618173167,0.45416081195382807,0.15700686633435873,0.15715199084081852,0.1570794285875886,4.806128263473511,4.810371398925781
90,0.4591696649114277,0.451446030479764,0.18602764090327145,0.19545490974281315,0.1907412753230423,5.123376846313477,4.994777679443359
91,0.4581134181884316,0.44751995136138395,0.17385771334792116,0.167752911910848,0.1708053126293846,4.822177171707153,4.9564208984375
92,0.45799616415844363,0.45384557129377795,0.1606062032487012,0.16077768935093553,0.16069194629981837,5.0971362590789795,4.947506427764893
93,0.45766050445284906,0.46020162143108767,0.18880246310387136,0.1785448996445966,0.18367368137423398,5.08515191078186,4.883546352386475
94,0.45755501762457723,0.449839538629707,0.19900255273984813,0.1908083630260414,0.19490545788294478,4.95455527305603,4.991955995559692
95,0.4584122699261763,0.44803232108988583,0.20679687195745294,0.19524385985212886,0.2010203659047909,4.822705268859863,5.162017345428467
96,0.45616173237694063,0.45899754398638953,0.17584925093136855,0.1769593578322314,0.1764043043818,4.899323463439941,4.934730768203735
97,0.4572167425317297,0.45154061092420317,0.1922708277249368,0.19081938150858502,0.19154510461676091,5.314718723297119,5.107516765594482
98,0.45608382516815715,0.45863876608054416,0.17312385646650427,0.17247456335933622,0.17279920991292025,4.924178123474121,5.187911033630371
99,0.45775982071561705,0.45153802165381657,0.18203422644792608,0.1728030070140866,0.17741861673100634,5.307470083236694,4.951496839523315
100,0.45342298815750387,0.45342298815750387,0.0,0.0,0.0,5.144158124923706,5.144158124923706
101,0.45798128949835165,0.4488532176551957,0.17621125330364365,0.16514137238039936,0.1706763128420215,4.9580206871032715,4.893441915512085
102,0.45558648938746854,0.45666290013009825,0.16203417419594374,0.1559111861884546,0.15897268019219918,5.405685186386108,4.933441877365112
103,0.4554198045600837,0.4362189561249993,0.20280013160242816,0.18611387475366206,0.1944570031780451,4.8112006187438965,5.013376235961914
104,0.45554497546165207,0.4596117642661878,0.17103807202894364,0.16673284372814898,0.1688854578785463,4.871596336364746,5.279126882553101
105,0.45547781677310967,0.45705396300128415,0.1720206945451413,0.16203966838881853,0.1670301814669799,4.841872692108154,5.164977550506592
106,0.45572696223903436,0.46107094968961176,0.15762459761170902,0.15219215251059753,0.1549083750611533,5.051796913146973,5.288757085800171
107,0.4551086017782693,0.4498280703756991,0.19815441441029308,0.1812778714208665,0.18971614291557978,4.778612852096558,4.936966180801392
108,0.45691671561030806,0.4454412756772767,0.15455274110899625,0.15507596014772887,0.15481435062836257,4.952722549438477,5.193129539489746
109,0.4562142397782992,0.46188631156355037,0.1429096443681363,0.14406215732404215,0.14348590084608923,5.026193380355835,5.0745484828948975
110,0.4567504148554862,0.4472456167959211,0.1864120933312946,0.17436876314219185,0.18039042823674323,5.0670006275177,5.451804876327515
111,0.45651380312936934,0.4422386869688253,0.19952979423984774,0.18761490538885606,0.1935723498143519,5.21019434928894,5.441504955291748
112,0.45454302787601386,0.44290651605136105,0.21030775324430986,0.19126758349916104,0.20078766837173545,4.9972381591796875,5.203832387924194
113,0.45347642883167816,0.44461201629511504,0.17013646240508506,0.1764875190448927,0.17331199072498887,4.9114158153533936,4.98153281211853
114,0.45336332713312366,0.44042845704967276,0.14361589037947736,0.1431846026709356,0.1434002465252065,5.061100244522095,5.051944732666016
115,0.4524082888341362,0.44275954170229903,0.23747410825069082,0.20323270704397733,0.22035340764733408,5.38302755355835,5.094347238540649
116,0.4520135176690905,0.4480907648183455,0.2269641692700792,0.20111989365468133,0.21404203146238027,5.0212790966033936,5.067462205886841
117,0.45147304116419024,0.4432675575504723,0.20433251529391522,0.19031845880806944,0.19732548705099234,5.052000284194946,5.268207550048828
118,0.45388490572624235,0.45094863238598837,0.21630862836946022,0.19720549272707288,0.20675706054826654,5.017033815383911,5.097748756408691
119,0.453152367581193,0.44149568127842354,0.2451109028656654,0.21208287633373193,0.22859688959969865,5.17178750038147,5.351879835128784
120,0.4528192430336788,0.4430594425566948,0.19995704000738773,0.1990674346166684,0.19951223731202805,5.065079689025879,5.137927532196045
121,0.4527893651294146,0.45031438416985714,0.14185916740073232,0.14301785634578518,0.14243851187325873,4.940241575241089,5.390391826629639
122,0.45388807395970737,0.4410270198854641,0.23471550170282865,0.22197423817742795,0.22834486994012831,5.089403867721558,5.12680459022522
123,0.4513088322356993,0.45535970088253586,0.18433007562150952,0.17749599394396104,0.1809130347827353,5.170900344848633,5.197412490844727
124,0.45079478794614436,0.45293488754354616,0.17400965142582694,0.17781858365393174,0.17591411753987934,4.970859527587891,5.29724907875061
125,0.44990211274039116,0.4444596091285514,0.1703221178108069,0.17145895416449258,0.17089053598764975,5.169254779815674,5.057788372039795
126,0.4506181371993909,0.4439981540821154,0.22117241278630181,0.20377493137693853,0.21247367208162016,4.958015203475952,5.397928476333618
127,0.4495789044002215,0.4431465353240292,0.20856171333659143,0.19191935152244957,0.2002405324295205,5.10397481918335,5.141234636306763
128,0.4492761428552796,0.4408890626853335,0.15288123579964322,0.15243604326363158,0.15265863953163739,5.20649528503418,5.152485370635986
129,0.4505017723552284,0.4584129958630378,0.1738417217828256,0.16535967608615615,0.16960069893449087,5.378746032714844,5.203611135482788
130,0.449888588587092,0.4378778467064556,0.22785403887926212,0.21584985636617482,0.22185194762271848,5.100983381271362,5.368900299072266
131,0.449822320504401,0.43743686234086543,0.22918190489540094,0.20853160302793228,0.2188567539616666,4.939421653747559,5.6470208168029785
132,0.44977212893510776,0.44478351203639466,0.14251050871803156,0.14402000767106907,0.14326525819455033,5.829764127731323,5.666859865188599
133,0.4500657250307219,0.4460601033559292,0.14988692088953584,0.15234998258625235,0.1511184517378941,5.276165962219238,5.970234632492065
134,0.4500251051596787,0.447608156694791,0.21999269232404015,0.21068903143908352,0.21534086188156182,5.397644996643066,6.187922954559326
135,0.45076542049974977,0.44532135806251866,0.19749801683811724,0.18151977532790972,0.18950889608301347,5.190107583999634,5.7440431118011475
136,0.45090244619054354,0.4419398369885388,0.23192400784788333,0.215252532475392,0.22358827016163768,5.138869762420654,5.691504955291748
137,0.4506829662720681,0.45429805575708626,0.18913200738221014,0.18370453694870828,0.1864182721654592,5.917951583862305,5.537524461746216
138,0.4504661106603346,0.4437720185647616,0.17488595847991165,0.17280698907048828,0.17384647377519996,5.164980173110962,5.259550094604492
139,0.45007568300955,0.44386963722613226,0.19118744306466257,0.18282000106479304,0.18700372206472782,5.435901165008545,5.360236167907715
140,0.4500387870518981,0.44128757054737094,0.2434758403492247,0.23119042861794453,0.23733313448358462,5.477683067321777,5.325199365615845
141,0.4490873483457006,0.4496234939303881,0.1836554908571729,0.18183115553622858,0.18274332319670072,5.181800842285156,5.568584203720093
142,0.4493842281053469,0.4422539818596223,0.22511481405125816,0.22367575672805196,0.22439528538965506,5.235666990280151,5.270773887634277
143,0.4490722516728589,0.4459302776659747,0.20444150858996776,0.19054297454898114,0.19749224156947445,5.2914745807647705,5.402673244476318
144,0.4497851825361355,0.45513311894221864,0.15359228852575757,0.14459851003961643,0.149095399282687,5.086710453033447,5.50147819519043
145,0.44956270142865,0.44081330795607027,0.21188890470316776,0.21179774403479398,0.21184332436898087,5.348762035369873,5.646807670593262
146,0.44738255247840436,0.4391223706293396,0.24029091061217495,0.2175811887360492,0.22893604967411207,5.3228020668029785,5.547818183898926
147,0.4469102588730685,0.4421920006385067,0.17032378387494126,0.16647637644542165,0.16840008016018146,5.35266900062561,5.5236241817474365
148,0.4463483293799903,0.4514201397886476,0.18537178059879997,0.1810894531299612,0.18323061686438058,5.331762790679932,5.5840349197387695
149,0.44907436265525774,0.4409767712263379,0.20684690014355583,0.20904362940530757,0.2079452647744317,5.433138132095337,5.633487701416016
150,0.4473100899356678,0.44310130483343224,0.218740894677673,0.20457464246529408,0.21165776857148355,5.41926383972168,5.497909069061279
151,0.4459072047212999,0.4480962113609415,0.1560992960175762,0.1514358421098283,0.15376756906370226,5.856717109680176,5.595711946487427
152,0.44538053679376294,0.43302049131841674,0.21306227264597916,0.22519369167998388,0.21912798216298152,5.569829940795898,5.62103009223938
153,0.446029329018837,0.4367150420965399,0.1794979279435456,0.18006639225116697,0.17978216009735629,5.3158369064331055,5.606337785720825
154,0.44623319930425265,0.4420951141725029,0.20028720161260422,0.19545066300986003,0.19786893231123212,5.426156520843506,5.8291380405426025
155,0.4460456647845309,0.452463090304107,0.1547283801690695,0.14812188627310674,0.15142513322108814,5.2246763706207275,5.876946210861206
156,0.4451749295158059,0.45371371976807867,0.1292544660728128,0.12653529659547497,0.1278948813341439,5.469539403915405,6.199977159500122
157,0.4457867243831501,0.4472740570729449,0.17597633617445077,0.16879763100087064,0.1723869835876607,5.334904909133911,5.811899900436401
158,0.44597858003570107,0.42820307538487956,0.22331477944226164,0.2233992572517805,0.22335701834702107,5.390875816345215,6.086382627487183
159,0.44757937667067393,0.44833088417711014,0.16508462653482073,0.16044082174374236,0.16276272413928156,5.397731781005859,6.2244627475738525
160,0.44547083914034447,0.43658505973952766,0.22849084141726445,0.24482758307039854,0.2366592122438315,5.355303525924683,5.9243786334991455
161,0.44662173941177924,0.4532315555575903,0.1599950863482186,0.1542840131899909,0.15713954976910477,5.568197011947632,5.911728858947754
162,0.44710454812117706,0.43045170851149966,0.14624448161064105,0.14666450321510427,0.14645449241287267,5.34251594543457,6.2690582275390625
163,0.44661003686749573,0.4352772192344479,0.23915029069408122,0.21102096871858708,0.22508562970633417,5.434478759765625,6.35213303565979
164,0.4454761908639823,0.4484613760615009,0.18035271466913505,0.17395267616903906,0.17715269541908707,5.757374286651611,6.100421190261841
165,0.446002051132413,0.4491410305192373,0.17390066926939052,0.169460663580496,0.17168066642494326,5.610868215560913,6.367807626724243
166,0.445831412631293,0.4457896580697707,0.18805508542316626,0.18616396704472227,0.18710952623394428,5.406091928482056,6.232280015945435
167,0.44595354215637156,0.4506468189047481,0.16264163136669754,0.15633135208383098,0.15948649172526425,5.436465263366699,6.145306825637817
168,0.44581249642718807,0.4426528318361262,0.14153011780178823,0.13685678641025234,0.1391934521060203,5.51629638671875,6.168987512588501
169,0.4453564311682773,0.4480244209983049,0.18191731241912867,0.1814423184757555,0.1816798154474421,5.712652683258057,6.61331582069397
170,0.4454844067238592,0.4491088891758813,0.17547593646206958,0.1719131331448437,0.17369453480345665,5.464616537094116,6.264058828353882
171,0.4449424658189526,0.44474945783851655,0.16799815693583378,0.15306746685118164,0.1605328118935077,5.603036880493164,6.741910696029663
172,0.44469474256426667,0.44570366214076884,0.18572592739857796,0.16766227787327193,0.17669410263592494,6.195118188858032,6.354755640029907
173,0.44442909473248754,0.4387760484596772,0.19198012394089115,0.19663326188030275,0.19430669291059693,5.771686315536499,6.637307405471802
174,0.44363322318545534,0.44120522618758135,0.20579693333919308,0.197824248861955,0.20181059110057403,5.41649866104126,6.498851299285889
175,0.4440349343805175,0.4461414889366538,0.1581520241030623,0.15392172264223342,0.15603687337264788,5.494187593460083,6.526793003082275
176,0.44272456210143646,0.4397796918281996,0.16571151215350594,0.1739215044114757,0.1698165082824908,5.881242990493774,6.47648024559021
177,0.44291851473268173,0.44697201585780855,0.15784322986918978,0.15134653218225924,0.1545948810257245,5.795011520385742,6.4430952072143555
178,0.44302056917072086,0.44371931704842044,0.15542381168568156,0.1487911936879669,0.15210750268682421,5.6039440631866455,6.531275033950806
179,0.4424768053946957,0.4395643257105289,0.20861529980410976,0.19679184887246481,0.20270357433828728,5.48147988319397,6.192340135574341
180,0.4416741873019083,0.43005378654304804,0.19491010381120263,0.19257663328077687,0.19374336854598975,5.691399097442627,6.2613091468811035
181,0.44113608558172723,0.43788955149223996,0.1854528558862065,0.17988650994785674,0.18266968291703162,5.948833227157593,6.471045970916748
182,0.44069315403108666,0.44202838125556876,0.16378484826316933,0.16113280193200324,0.1624588250975863,5.9541590213775635,6.651114463806152
183,0.44115405956649417,0.44157880359853124,0.154479734753546,0.14867675705216737,0.15157824590285668,6.022473573684692,6.863257169723511
184,0.4398927208861778,0.43520194692973696,0.1798433798516316,0.18900192496313273,0.18442265240738215,6.4483160972595215,6.68520712852478
185,0.44010310007712716,0.4375222511212221,0.17703458842651937,0.18044903829311573,0.17874181335981754,5.634354829788208,6.389293193817139
186,0.43958041879549437,0.4439108879475154,0.1537133152951569,0.14946017073025575,0.1515867430127063,6.024675369262695,6.961383104324341
187,0.43988709251986974,0.44544123359309457,0.18937324806454559,0.16705200451428123,0.17821262628941342,5.632083415985107,6.843217611312866
188,0.4397293366749885,0.43490863878944974,0.14862373825000424,0.14214396198828874,0.1453838501191465,5.696965456008911,6.676185607910156
189,0.4395695459037012,0.4358238298575972,0.16204918466419432,0.1588580401533853,0.1604536124087898,5.883194923400879,6.703712463378906
190,0.4387801708366127,0.44751407528530074,0.19609273241251984,0.18345925528100054,0.1897759938467602,5.750370979309082,6.644045352935791
191,0.43991542605289086,0.4252146746711218,0.20039358399858442,0.19999231969407952,0.20019295184633196,5.618513584136963,6.469264030456543
192,0.4391741752336282,0.4379775248330723,0.15211072854062213,0.15160556334193626,0.1518581459412792,5.595675230026245,6.606175184249878
193,0.43838060446688687,0.4415075967006908,0.17489912944005065,0.16664642923147135,0.17077277933576102,5.671226501464844,6.517945289611816
194,0.43833175434306393,0.4357177839634014,0.24955701803917965,0.2407116054633592,0.24513431175126943,5.877919435501099,6.787738561630249
195,0.4379102789882915,0.4410834762645671,0.1670752748051161,0.15545371136061173,0.16126449308286392,5.847693204879761,6.934823751449585
196,0.43755164574705147,0.44797090849702265,0.2056562399164416,0.19695680947253516,0.2013065246944884,5.622122287750244,6.769322872161865
197,0.43641177148387317,0.43352578227215943,0.2204661022612284,0.20920046788074262,0.2148332850709855,5.642729759216309,7.11114501953125
198,0.43688736157890284,0.4363711877009341,0.23027339252076992,0.2048165990981989,0.21754499580948441,6.005669355392456,6.837852478027344
199,0.43639814878171534,0.4429733699820285,0.18016048485109487,0.17780019917408033,0.1789803420125876,5.944028854370117,7.009753942489624
200,0.43686657150613406,0.43411851582234423,0.15893315313574674,0.14599930488784263,0.15246622901179469,6.20088005065918,6.858599662780762
201,0.43650509846411,0.4316586950706197,0.2034911195241499,0.19457834833154375,0.19903473392784682,6.045058012008667,6.8683021068573
202,0.43566130582682644,0.4283643851108332,0.22945478157240198,0.21840638815389835,0.22393058486315015,5.729627847671509,6.938927888870239
203,0.43582172432674154,0.42342721502942215,0.2493180136133175,0.23033541573610622,0.23982671467471187,6.036681652069092,7.420132160186768
204,0.43575444853562,0.4415731882218914,0.18154394432165563,0.17855209934873933,0.18004802183519747,5.930522203445435,7.291955232620239
205,0.4354957539128778,0.448938214028102,0.16539403207779388,0.15744131614904183,0.16141767411341784,6.039026975631714,7.4287214279174805
206,0.43460860890298525,0.43277433448610164,0.18707763353233145,0.1773787233245756,0.1822281784284535,6.1940202713012695,7.053698539733887
207,0.434343500073995,0.44068888609499407,0.1780526073171464,0.17846598030849956,0.17825929381282296,5.909274578094482,7.355542898178101
208,0.4353273797001562,0.4353622635650658,0.12911563211890742,0.12468076434864096,0.12689819823377418,6.067953586578369,7.005074739456177
209,0.4348079551737226,0.43818805712475045,0.180888948555381,0.17249989136354413,0.17669441995946256,6.16237211227417,7.117877244949341
210,0.4342333131417544,0.4309468439975896,0.18230567198132158,0.17399806156603348,0.17815186677367753,6.186591863632202,7.149111747741699
211,0.43365188739155935,0.4341071008369434,0.2120319796057369,0.20694856839234824,0.20949027399904258,6.185549020767212,7.303432464599609
212,0.4337494922125623,0.4286905079777801,0.15780370028072746,0.15429507985708274,0.15604939006890511,6.036742687225342,7.275615692138672
213,0.4334305536590076,0.4394554042489131,0.20790522300299757,0.20041079533367118,0.20415800916833438,5.911210298538208,7.174419403076172
214,0.43320031916037016,0.43870642183801506,0.2247949311149558,0.2124344353577809,0.21861468323636835,6.1100544929504395,7.224439382553101
215,0.4331929098179604,0.4422750716313351,0.13602275962362928,0.1358413691050749,0.1359320643643521,5.92808198928833,7.190060377120972
216,0.43220669063865236,0.4258686593016018,0.2620317996319206,0.2463386152918162,0.2541852074618684,6.142928123474121,6.987940311431885
217,0.4317199425784335,0.4408176317253317,0.16415759557002568,0.1528671975801446,0.15851239657508515,6.0972740650177,7.043497562408447
218,0.4313321275891106,0.4397684111253787,0.2570660412962188,0.22882798830048448,0.24294701479835162,6.397354602813721,7.124457359313965
219,0.43137068085397606,0.4296128957513629,0.2867481252887334,0.275943936148006,0.2813460307183697,6.364102125167847,7.140314102172852
220,0.4306935950861753,0.4408041106571185,0.17038577330003635,0.16886503852387671,0.16962540591195652,5.893826246261597,7.336867570877075
221,0.4307083013160377,0.4258483660222395,0.25290496385409456,0.252011887640691,0.25245842574739275,6.27033805847168,7.2806336879730225
222,0.43073173662726094,0.42824445165706765,0.2594040048470507,0.24082736781964453,0.2501156863333476,6.41076135635376,7.190086364746094
223,0.43018256062371574,0.43439254606302435,0.171334683786885,0.1609508237746292,0.1661427537807571,6.158635139465332,7.392715930938721
224,0.43070285318421203,0.4388088627693826,0.15845065329873656,0.14533240205390474,0.15189152767632064,6.068033695220947,7.369155406951904
225,0.4302176601310032,0.43055337423029283,0.24520892767782684,0.22264941553710077,0.2339291716074638,5.957348823547363,7.598706483840942
226,0.42984989046741634,0.4298768244269725,0.22424323617808775,0.2127576153385615,0.21850042575832462,6.360644817352295,7.244135141372681
227,0.4292690549989971,0.434171484555355,0.22788224426127668,0.20960191541509365,0.21874207983818517,5.808088541030884,7.5491533279418945
228,0.42927818774367876,0.43941616342014245,0.1726646873136273,0.17028595859712298,0.17147532295537515,5.955018997192383,7.424474477767944
229,0.42924246683745165,0.4291974677494044,0.2349969700356315,0.22828160319701385,0.23163928661632266,6.168217182159424,7.305999279022217
230,0.4295075234796439,0.4388550632206095,0.16901083441733525,0.16625167674824093,0.16763125558278807,6.159317970275879,7.205727577209473
231,0.42935799652678713,0.4373168110556659,0.1495339145946093,0.13948153330008317,0.14450772394734623,6.521231412887573,7.373143434524536
232,0.4285714912365495,0.4299773806427659,0.1434206274029578,0.14729805071691698,0.1453593390599374,6.112962245941162,7.6183459758758545
233,0.4291371424280567,0.4357700477015554,0.164442402614629,0.15665785483279307,0.16055012872371105,6.431480884552002,7.566594362258911
234,0.4285419429406249,0.43504192519925206,0.1453192854264087,0.14221802770008937,0.14376865656324905,6.428375720977783,8.206464767456055
235,0.42794940120506886,0.4231583881198818,0.229565227393726,0.21916406753880371,0.22436464746626486,6.189545392990112,8.096553802490234
236,0.4279834916582403,0.4427153887819142,0.1836781689538977,0.1737190920385044,0.17869863049620105,6.37589430809021,10.256279468536377
237,0.4281245560561224,0.42492389390376123,0.259520061752311,0.24379949714088398,0.2516597794465975,6.662776470184326,8.40437912940979
238,0.42814914836734647,0.43651465690526897,0.1664546557922006,0.1689861262961599,0.16772039104418024,6.222803592681885,8.253432750701904
239,0.4270223068165661,0.4194182413214781,0.25741826776009535,0.26286409126978727,0.2601411795149413,6.2538371086120605,8.348756551742554
240,0.42771002934811964,0.42686039805017345,0.19640433888185468,0.19552168710303183,0.19596301299244326,6.183747053146362,8.286090612411499
241,0.42756642034147996,0.4362552963619529,0.26732731872613014,0.24181577737282517,0.2545715480494777,6.154717206954956,8.155927181243896
242,0.42799715467753585,0.4377011574533244,0.16665865989383855,0.16078234559528926,0.1637205027445639,6.336977243423462,7.93937873840332
243,0.4271420753022326,0.4390220914139276,0.19391442641921447,0.1838014674591011,0.18885794693915778,6.264855623245239,7.687840700149536
244,0.42714015658752885,0.43467614109735186,0.16422997327913463,0.15617662257751946,0.16020329792832705,6.412414312362671,8.082645177841187
245,0.4267536475276297,0.4387251049970873,0.15625332491289787,0.15644585922692641,0.15634959206991214,6.298914909362793,7.60668158531189
246,0.4264652239440001,0.4399025608597384,0.19690979643043402,0.1887640391852233,0.19283691780782866,6.426062107086182,7.58783745765686
247,0.42658182537211947,0.42899540680100695,0.20518665359151947,0.19606775298570978,0.2006272032886146,6.670791864395142,7.620871305465698
248,0.4258417708397284,0.43323177580824357,0.1675708794923298,0.15536299351583235,0.16146693650408106,6.8594582080841064,7.415557861328125
249,0.4258489637446333,0.4321833290897712,0.1974824880309039,0.19254708355675426,0.19501478579382908,6.292500019073486,7.945658206939697
250,0.42552940698027525,0.4374195759079178,0.17485105978073057,0.16893332118584964,0.1718921904832901,6.662634372711182,7.992814779281616
251,0.4256448238762233,0.43210063928821135,0.18861845434906213,0.18425710624584746,0.18643778029745478,6.415050268173218,9.081218242645264
252,0.42488023169772293,0.43834872880562403,0.16955840891244817,0.16765421382590584,0.168606311369177,6.217445373535156,8.505800724029541
253,0.4245607577432168,0.433537076009735,0.20291853943418275,0.1891508652889426,0.19603470236156267,6.371703863143921,8.607492685317993
254,0.4248006434392462,0.433730699403655,0.17636115772319322,0.17166103186332116,0.1740110947932572,7.063695669174194,8.227171182632446
255,0.4240504069665658,0.430390883717864,0.22813462582687338,0.22014194878033327,0.22413828730360333,6.794965982437134,9.157361030578613
256,0.42413036871722454,0.43769679538570455,0.17693359905933967,0.17681876103795893,0.1768761800486493,6.534087896347046,7.931173324584961
257,0.42381243540481267,0.4391052499156397,0.20697156056633734,0.19440532020263748,0.2006884403844874,6.608713150024414,8.011777639389038
258,0.4232182745849848,0.4357167624420092,0.1935576339046077,0.18830793355216974,0.19093278372838873,6.72660231590271,7.570145606994629
259,0.42289649062457785,0.4355460010666126,0.17800810798315692,0.1753886187269443,0.17669836335505062,6.960322380065918,7.610728025436401
260,0.4233980757426693,0.42896622741434237,0.15334679407972057,0.14928083742597692,0.15131381575284875,6.6260411739349365,7.95154333114624
261,0.42271986589422095,0.4354732030113568,0.17879997795649194,0.17594348876037086,0.1773717333584314,6.774171829223633,7.582603693008423
262,0.42323663535117323,0.4366269315215881,0.16307584764117866,0.16422495609301013,0.1636504018670944,6.719771385192871,7.839781761169434
263,0.4222130756643943,0.4370465403643116,0.16347661639538152,0.16047254761925958,0.16197458200732057,6.813353538513184,7.795397520065308
264,0.42267206367905796,0.4160048459068003,0.26799960508737847,0.2514436731837981,0.2597216391355883,6.749553918838501,8.359297037124634
265,0.42261527964868023,0.4334672360523731,0.20257297267265434,0.20437871512710018,0.20347584389987727,7.010812759399414,7.831268072128296
266,0.42269332455044956,0.4346877428661248,0.16541377706040783,0.15956396066063216,0.16248886886052,6.816832780838013,7.823467493057251
267,0.42264958014456233,0.4232626794108734,0.24991075911140195,0.24207442859875333,0.24599259385507766,6.596219539642334,8.750813007354736
268,0.4219109784779793,0.42686835047322064,0.24884779940133883,0.2566129390337188,0.2527303692175288,6.952895164489746,8.418022394180298
269,0.4215780351244223,0.435421749183819,0.17712105597297734,0.17279920506237725,0.17496013051767728,6.864845037460327,7.77071475982666
270,0.4215972895760007,0.43798882043991316,0.16525609699558444,0.16086600374199192,0.16306105036878818,7.0680577754974365,8.17387318611145
271,0.42157291453020534,0.4357957889594515,0.16226096559784495,0.16195960112023006,0.1621102833590375,7.078470945358276,7.980992555618286
272,0.421104761310179,0.4342425973513831,0.16795966687897962,0.16837957049218152,0.16816961868558056,7.053808927536011,8.232673645019531
273,0.42135307307233977,0.4287601222160341,0.2401435596142759,0.2240530483175139,0.2320983039658949,6.820092678070068,8.234385013580322
274,0.4210145505253539,0.42090693101857174,0.22506210621954023,0.21100431529339458,0.21803321075646742,6.847788333892822,8.199228525161743
275,0.42087432304190897,0.4318156652379801,0.16207294164310426,0.15951606220122702,0.16079450192216566,6.904942750930786,8.249476194381714
276,0.42066237328011835,0.42385794035933966,0.19723627824021742,0.19726017909673865,0.19724822866847802,6.923548460006714,8.251166343688965
277,0.42054297274959707,0.4275403703499596,0.28745464044112906,0.2594951300487577,0.27347488524494334,6.836791753768921,8.190581560134888
278,0.41909126321592527,0.4270880392730921,0.13950595186429998,0.1333343128454074,0.13642013235485367,6.959081649780273,8.061312913894653
279,0.418987546815236,0.4274322269076646,0.2075362651876444,0.20104917013014825,0.20429271765889634,7.4793312549591064,8.04827880859375
280,0.41907269202080194,0.41699609382620373,0.28151334034214764,0.26379379397067776,0.2726535671564127,6.702005624771118,7.858831405639648
281,0.4193728770039129,0.4180384185758699,0.270108908838148,0.25734306805059476,0.26372598844437134,6.729750394821167,8.069756031036377
282,0.41946885216625707,0.435758572977973,0.18128955321586,0.174483756442861,0.1778866548293605,6.860692501068115,7.911142587661743
283,0.41925851833790306,0.4272622919286731,0.22328668857773226,0.21166224817391924,0.21747446837582574,6.728899955749512,8.083908557891846
284,0.4183001566768795,0.43012697103493824,0.1796782091914481,0.17525879033008787,0.177468499760768,7.220762491226196,8.607318639755249
285,0.4189071390785403,0.423876200457902,0.2029648918120313,0.1900779240291952,0.19652140792061326,6.639556646347046,8.268651723861694
286,0.4189255221319493,0.42888373895868215,0.14502456277639275,0.13950621238828018,0.14226538758233648,7.009794473648071,8.157582998275757
287,0.4180526341913564,0.4214573252704666,0.18465810621322262,0.1795923595898028,0.18212523290151272,7.405040979385376,8.573807954788208
288,0.4185114237418,0.4254946279743853,0.15811741694293854,0.14972558849827727,0.1539215027206079,7.410067558288574,8.064666986465454
289,0.41815169597292084,0.4306317784628125,0.16282330978032486,0.16415731513625942,0.16349031245829215,7.024043321609497,8.193126440048218
290,0.4194636904769871,0.4313194419117368,0.16309145603157388,0.1631555812599986,0.16312351864578623,7.102738618850708,8.331115961074829
291,0.41816977214565426,0.4173957132615094,0.3002735880535717,0.28122858902111725,0.29075108853734444,7.06457257270813,8.116278648376465
292,0.41950537674377275,0.42817033111289104,0.18834337386594927,0.1778610862914535,0.18310223007870138,7.032512903213501,8.271456956863403
293,0.41919701698840295,0.4232470211172213,0.2131927355456045,0.19939692519705723,0.20629483037133087,7.032316207885742,8.43421983718872
294,0.4193689352368317,0.4298134402560007,0.17667019909159554,0.17280580485970223,0.17473800197564887,7.13620924949646,8.203865051269531
295,0.4182588200248981,0.43192286949655223,0.18656105528398914,0.17883329049661056,0.18269717289029985,6.962463140487671,8.378621101379395
296,0.41814685509048566,0.4278115251493023,0.3092313755471161,0.27365356323437395,0.29144246939074503,6.996475696563721,8.070537805557251
297,0.4184431053724789,0.42594247214237585,0.14588897035511345,0.14316695437470145,0.14452796236490745,7.472027778625488,8.390194654464722
298,0.4193506878393983,0.42565552716799265,0.17307890153167413,0.1655166709679785,0.16929778624982633,7.351811647415161,7.9965410232543945
299,0.4188133189979901,0.42358278387885406,0.1745947390582989,0.16990181219975473,0.1722482756290268,6.927274465560913,7.928377151489258
300,0.4190338179963934,0.42221444797912083,0.282635632686616,0.2617547040754557,0.27219516838103586,7.146169662475586,8.687802076339722
301,0.4186210538965289,0.4290472449794,0.1613042061701113,0.16162588728197055,0.16146504672604092,7.667219400405884,8.079495668411255
302,0.4188199017475526,0.412719271327035,0.2698779197217297,0.25447858966738784,0.2621782546945588,7.008173227310181,8.301793336868286
303,0.4179252965415433,0.41912875256708043,0.28518464673173305,0.25926888802177395,0.2722267673767535,7.097926616668701,8.496461153030396
304,0.4184664430197803,0.42476866970331806,0.15802395316476148,0.15432031117336795,0.15617213216906473,7.139397382736206,8.441097259521484
305,0.4181436566785947,0.4243843400409642,0.20914849091827667,0.19985891959026944,0.20450370525427305,7.180091857910156,8.367655754089355
306,0.4181515697893922,0.418063122536957,0.2605603346244423,0.24839687869391516,0.2544786066591787,6.91654896736145,8.174237728118896
307,0.4175314093935558,0.42283950854571856,0.183260981144112,0.17417563422748703,0.1787183076857995,6.992625713348389,8.714225769042969
308,0.41738517416333576,0.42104768133670695,0.22874944965037702,0.22643633568575466,0.22759289266806584,7.004244565963745,8.436727285385132
309,0.41665730155807335,0.41333240065636195,0.25691957029525264,0.24265841681919428,0.24978899355722345,7.375274419784546,8.252994775772095
310,0.4162845819859968,0.40882210121887474,0.29258405480707506,0.2780589196730368,0.2853214872400559,7.348853588104248,8.699950456619263
311,0.416904495884717,0.4199551180778303,0.22062847204239888,0.21154651415744366,0.21608749309992126,7.505141973495483,8.530369758605957
312,0.41653526446350597,0.42484528302168906,0.19953046779357733,0.19103661121084065,0.195283539502209,7.285038709640503,8.261245012283325
313,0.41702290995640484,0.4242372363679859,0.18331721669907708,0.18264833652607926,0.18298277661257817,7.171365737915039,8.54289197921753
314,0.4175672241870388,0.4201324571091877,0.268092817431909,0.23797335595278482,0.2530330866923469,7.150304317474365,8.49857783317566
315,0.4167668357762131,0.42472041991034865,0.17324041237266397,0.16939328331716558,0.17131684784491477,7.173431634902954,8.372822999954224
316,0.4171409577813279,0.41561017254534055,0.3144128353029485,0.2878933950708639,0.30115311518690624,7.434516668319702,8.506628274917603
317,0.4162976412819879,0.41934773410332077,0.303372103971081,0.2785950646158972,0.29098358429348914,7.553640842437744,8.72281527519226
318,0.4165110628103446,0.42302021532762424,0.18941317064690621,0.1805602792028842,0.1849867249248952,7.640870571136475,8.128820180892944
319,0.41676327398673035,0.4234489064232293,0.16683630867244698,0.17074772228984553,0.16879201548114625,7.124083042144775,9.015732526779175
320,0.4160256103095219,0.41543867946194285,0.26617208883613946,0.23063426430252043,0.24840317656932995,7.607857942581177,8.689384460449219
321,0.4165962457592399,0.42772309712928397,0.1615731421255229,0.15781124501542615,0.15969219357047454,8.587768316268921,8.741308450698853
322,0.41504957582868146,0.4294974268313269,0.15763190416798054,0.15147603984224825,0.1545539720051144,7.77401876449585,8.576664686203003
323,0.41600991190450654,0.4219800106122028,0.1345204609164866,0.127570737072179,0.1310455989943328,7.670084476470947,8.56530237197876
324,0.4159438683525222,0.42305709359676563,0.1584030535935718,0.1510437440087043,0.15472339880113806,7.405879974365234,8.670082092285156
325,0.4152583033533463,0.4114390379473055,0.2366912110682653,0.21958213641565827,0.22813667374196178,7.564026117324829,8.887616872787476
326,0.4144511978226248,0.42302540086962404,0.22851343888484257,0.22636945519685328,0.22744144704084793,8.123959064483643,8.861849784851074
327,0.41444553908818144,0.4175884312269503,0.26042246992180906,0.2646347714112265,0.2625286206665178,7.666890859603882,9.099109172821045
328,0.4138616036523209,0.4252043586799173,0.1616554089405322,0.1599323933919488,0.1607939011662405,7.361436128616333,8.893622636795044
329,0.41300635368232747,0.4252662963188587,0.15435631670082378,0.15242391221415472,0.15339011445748924,8.16750168800354,8.670811176300049
330,0.4150883000737852,0.4213461788635146,0.15602511729424312,0.1539450670679167,0.15498509218107992,7.854245185852051,8.604691505432129
331,0.4136885718478913,0.4232969441932769,0.14728341245832735,0.1430668836040016,0.1451751480311645,7.578261852264404,8.707977056503296
332,0.41356381496029027,0.41587998654299885,0.27350257626755814,0.2448067874348298,0.25915468185119395,7.7500996589660645,8.960859060287476
333,0.4136943214581581,0.41117230893506457,0.30284238904365857,0.2755076445636478,0.2891750168036532,8.018001556396484,8.803852081298828
334,0.41240259492262377,0.41372143565103187,0.3039586893552034,0.2802457434031473,0.29210221637917533,7.536556959152222,9.286048412322998
335,0.412399926960709,0.4235216412034148,0.20179913049126016,0.19423067438964575,0.19801490244045294,7.800289154052734,9.092991352081299
336,0.4116028639066503,0.411713726830203,0.2636904473471296,0.23604574432414352,0.24986809583563657,7.547095775604248,8.827317237854004
337,0.41076464007243707,0.42093544765908425,0.30666468449589146,0.27632720652870046,0.29149594551229596,7.338440895080566,8.469367742538452
338,0.41245505262564913,0.4151481142532036,0.26134815684585155,0.23310572373559277,0.24722694029072217,7.5485312938690186,8.695189237594604
339,0.4128544310701529,0.41342140701988045,0.1731242489328164,0.16328437703782897,0.16820431298532268,7.75516414642334,8.70134711265564
340,0.41130857391623254,0.42006350109751267,0.12409848256952394,0.11892078430998945,0.1215096334397567,7.840684652328491,8.702786207199097
341,0.41180570289967955,0.4072145986979157,0.27978628233376884,0.25951464957527043,0.26965046595451964,7.60278058052063,9.140696287155151
342,0.41215964927521603,0.4114078047372458,0.2966167202606697,0.26882374568232587,0.2827202329714978,7.774587631225586,9.191957235336304
343,0.4116081334977111,0.408240338531267,0.2815515606143252,0.2595700852404027,0.27056082292736394,8.420079946517944,8.756125688552856
344,0.41118318723036096,0.41006817308010335,0.25176592138074666,0.24003903098858131,0.245902476184664,7.585433721542358,8.836126804351807
345,0.4114212762871987,0.4110460285924794,0.31280289618049745,0.2865461939166677,0.2996745450485826,7.733197212219238,8.922169923782349
346,0.41064383524738607,0.4153121894237375,0.33232354989485396,0.29835059993824686,0.3153370749165504,7.693768262863159,9.228598356246948
347,0.41098302988105434,0.4167253876953767,0.3302663704303903,0.2935667679663218,0.3119165691983561,7.862754821777344,9.525748252868652
348,0.4103495740624785,0.4149598372310996,0.22805542055792094,0.2160771828297314,0.22206630169382618,8.199091911315918,9.369748592376709
349,0.4103067871482533,0.4167508160079961,0.31790444807503454,0.28597096998698324,0.3019377090310089,8.000914812088013,9.247513771057129
350,0.41031345591360524,0.42054762870657286,0.2075570573734524,0.20210106603726022,0.2048290617053563,7.689664602279663,8.976561546325684
351,0.410576844757507,0.4183226138100701,0.1852386488381924,0.1758760042202277,0.18055732652921005,7.723839998245239,9.45051646232605
352,0.40940594682754294,0.41826945325047027,0.12953771054439667,0.12127135523144325,0.12540453288791997,8.127724885940552,9.368662357330322
353,0.4095943348417137,0.4082152105075457,0.23382517130679709,0.22657957986059227,0.23020237558369466,8.065553426742554,9.053397417068481
354,0.40961108657619255,0.4153341312947977,0.14718878560941134,0.14024597990169474,0.14371738275555304,8.101137399673462,9.340241432189941
355,0.410935932453452,0.41187034954450547,0.29112884672755956,0.2611930066586876,0.2761609266931236,8.059978246688843,9.418638467788696
356,0.4101795351729234,0.4160536353894577,0.16254916622360405,0.1587199835935022,0.16063457490855312,8.377277135848999,9.289978981018066
357,0.4084498826515277,0.41928120546070946,0.1673305733306058,0.16277909149237807,0.16505483241149194,7.973472833633423,8.961737155914307
358,0.40917110041937965,0.416976693734844,0.1188758010732866,0.10888714074937898,0.1138814709113328,8.325515747070312,9.329043626785278
359,0.40776412837651604,0.4156092081444876,0.1613843587297064,0.15200390464466457,0.1566941316871855,7.852272987365723,9.411473989486694
360,0.4085851934458135,0.42161184504070603,0.15091372061212394,0.1487562102480143,0.14983496543006913,8.008738040924072,9.176407098770142
361,0.41067654674625825,0.42312203599067644,0.30466223028844025,0.2690531576079301,0.28685769394818517,8.214730501174927,9.21035623550415
362,0.410854070166522,0.4103766946249034,0.24605134670664627,0.22676137760470344,0.23640636215567484,8.061213970184326,9.36096477508545
363,0.41081468841336477,0.4120200018852276,0.21865919619931332,0.22444204521082015,0.22155062070506673,7.834713697433472,9.182406902313232
364,0.40973620310493103,0.41830093876393143,0.2013629325873368,0.19315830627495745,0.19726061943114714,7.944220304489136,9.266104698181152
365,0.40839290241802423,0.41785274937660294,0.13885791007194867,0.13118326900768967,0.13502058953981916,7.916589975357056,10.068228006362915
366,0.4094837332638565,0.4193062867494644,0.18558106368641464,0.17490319345280553,0.18024212856961008,8.226421117782593,9.536473512649536
367,0.40882907348164044,0.4185672696865966,0.13337147165967955,0.12930881833491703,0.1313401449972983,7.748405933380127,9.599795579910278
368,0.4095122309131984,0.41434268754585,0.1051504998265019,0.0982665063763806,0.10170850310144125,7.9636335372924805,9.662116289138794
369,0.4092716155370698,0.41055603380890043,0.2769697025890567,0.24631419259668494,0.2616419475928708,8.207998514175415,9.651940107345581
370,0.40832480812914984,0.41802943049084884,0.15314797156847312,0.14901357965638104,0.15108077561242708,8.341213464736938,10.283063411712646
371,0.4113508938718325,0.4156850376164123,0.16107296042136438,0.15399771908371715,0.15753533975254075,8.34981632232666,9.59848141670227
372,0.4091711776385185,0.41342387979442446,0.14841383991547125,0.13529852325306402,0.14185618158426763,8.32687258720398,9.9832923412323
373,0.4087155308756717,0.41298087743533246,0.20503218688321168,0.1900698002914214,0.19755099358731654,8.307884454727173,9.540233612060547
374,0.4097956957271879,0.4176832638124878,0.1652175566825251,0.155529421624619,0.16037348915357205,8.148830890655518,9.51904821395874
375,0.40621166483712273,0.4090300554152224,0.31761970312616516,0.28072838356618673,0.2991740433461759,8.16592025756836,10.299926996231079
376,0.4104762643157755,0.4150516229329272,0.1655346854484045,0.15925168152496266,0.16239318348668358,7.859544515609741,9.567836046218872
377,0.4084902769454879,0.41488912790639015,0.15202805258606333,0.1457711016477288,0.14889957711689605,7.962728261947632,9.545442819595337
378,0.41326549460681167,0.41524820874237195,0.153802763445148,0.1449434632464017,0.14937311334577485,8.131802797317505,9.485896110534668
379,0.40897607833331523,0.4199825314706097,0.15691529756276862,0.14569102040624285,0.15130315898450575,8.161850929260254,9.37839937210083
380,0.40804663151080384,0.41021717803801994,0.17140614416313357,0.1590925184783319,0.16524933132073272,8.210701704025269,9.817598819732666
381,0.4125224779664952,0.4167447459192674,0.25034671381446433,0.22490945134020346,0.2376280825773339,8.193462610244751,9.327667951583862
382,0.4084756212570263,0.41517241231541496,0.16066204416049604,0.14891867645269175,0.15479036030659388,8.57559061050415,9.663769483566284
383,0.4123278280274249,0.4172595330020533,0.1460412633448711,0.1421822583332605,0.1441117608390658,8.19528603553772,9.767585277557373
384,0.40853530415721084,0.41407794169454193,0.15573683391352547,0.14695987478360542,0.15134835434856544,8.27716612815857,9.668370962142944
385,0.4084310539982963,0.41882117337238195,0.1106479181475748,0.10262307893935273,0.10663549854346377,8.303075551986694,9.696264028549194
386,0.4098184980821791,0.4127683218784385,0.17045952987038682,0.163712262450478,0.1670858961604324,8.468940258026123,10.068930864334106
387,0.41081382752463635,0.41232270934943516,0.2912387203016415,0.2705848999607172,0.2809118101311794,8.593056678771973,9.647409915924072
388,0.4079785498803818,0.411946641848542,0.2732796267585557,0.24209273098401776,0.25768617887128675,8.125043392181396,9.555763959884644
389,0.4075939128267749,0.40579743142957203,0.3091992978103954,0.26913958249995823,0.2891694401551768,8.463168382644653,10.835840702056885
390,0.40894481054929716,0.418171498336147,0.1485460179544467,0.13757045899797601,0.14305823847621135,8.759835243225098,9.66285228729248
391,0.40876924378459395,0.4053081353139433,0.27103742553157734,0.23678389905719038,0.25391066229438386,8.688868284225464,9.629053592681885
392,0.40797450506828664,0.4072031746298033,0.2403062309804529,0.2237762026633944,0.23204121682192363,8.517594575881958,9.556717872619629
393,0.4080804400653967,0.4148618837219554,0.10473147975642777,0.09534232718900137,0.10003690347271457,8.346712112426758,9.686880350112915
394,0.4077528410332946,0.4141200445132327,0.11478024216905684,0.10533203489852766,0.11005613853379226,8.486259937286377,9.810284852981567
395,0.4075129828763615,0.41100003398529705,0.26971485995278593,0.24694273360133892,0.25832879677706244,8.454953908920288,9.90993618965149
396,0.40762239319716465,0.41443312259291715,0.14237289641128414,0.13404926753937407,0.1382110819753291,8.531932592391968,10.26692271232605
397,0.40753546481478936,0.4196336314861866,0.1288933541907565,0.12370461524888424,0.12629898471982037,8.378940343856812,10.134168863296509
398,0.407388882157547,0.40872873626326034,0.2140433947859342,0.20142324389939512,0.20773331934266465,8.549227714538574,9.723559141159058
399,0.40636796334946756,0.4110498303706398,0.28248137987430744,0.23866937194985757,0.2605753759120825,9.1009042263031,10.411830425262451
400,0.40831651044351547,0.41452596963963406,0.12691942830340722,0.12168357476737933,0.12430150153539327,8.42791485786438,9.848946332931519
401,0.4089778581918459,0.4044290347281975,0.3057141212927202,0.2796593297296962,0.2926867255112082,8.587538242340088,9.961824178695679
402,0.40873135143253786,0.4191352276429616,0.29291319484665457,0.266005832567497,0.2794595137070758,8.769284009933472,10.147197246551514
403,0.40819358511061965,0.4010249393264411,0.278880787586522,0.24882784324769328,0.26385431541710763,9.424306154251099,9.939960956573486
404,0.4081128004954595,0.41561452178510616,0.2226513023086876,0.2007690598373194,0.2117101810730035,8.336575031280518,9.831387281417847
405,0.408650367863537,0.41257596154369397,0.2792477904154385,0.26025928080910704,0.2697535356122728,8.378931999206543,10.242335796356201
406,0.40820752232687735,0.4069766088346352,0.3057402730860723,0.2912966427019188,0.29851845789399556,8.515160322189331,9.616383790969849
407,0.4077607733477417,0.407619842933613,0.18517589000611304,0.18041621479491826,0.18279605240051566,8.566616296768188,10.370896816253662
408,0.4082055418596989,0.40165588396179946,0.2800412518524383,0.25261592560246743,0.26632858872745285,8.549017667770386,9.930369853973389
409,0.4078195981406296,0.4133563445446131,0.161340764555923,0.1621074137541535,0.16172408915503825,8.865236759185791,10.407546758651733
410,0.4079973532496381,0.4195893334790314,0.2992055559014831,0.2716679846762918,0.2854367702888875,8.785287857055664,10.103567123413086
411,0.4078260823753921,0.41393219175887647,0.12075931176155916,0.11578885819965452,0.11827408498060685,8.64658808708191,10.409006834030151
412,0.41018703227399456,0.41376599033073247,0.12788316633352795,0.12152867724821571,0.12470592179087184,9.340623140335083,10.630656957626343
413,0.40530871100933963,0.4105018135465671,0.22905306923582275,0.2036903066873375,0.21637168796158013,8.659435510635376,10.500571966171265
414,0.4086490169281893,0.4058219529532266,0.26425912785797084,0.2342250055475245,0.24924206670274768,8.834983348846436,10.056726932525635
415,0.4071372563915555,0.40911039621807593,0.12319525923139246,0.11931390090374978,0.12125458006757112,9.037350416183472,10.168995380401611
416,0.4056417270222971,0.4156020066578922,0.3025743758546122,0.2764412541206168,0.2895078149876145,8.730638980865479,10.486388921737671
417,0.4064827978208403,0.4074296641324104,0.2622001639562281,0.2454782246994556,0.25383919432784185,9.420693159103394,9.89440655708313
418,0.406947342339348,0.41147682074520187,0.13116197275181643,0.12993245364351316,0.1305472131976648,9.050816297531128,10.562743902206421
419,0.40640130505814137,0.41414888772810854,0.24400407478532127,0.24093030475153618,0.24246718976842874,9.023210287094116,10.005081415176392
420,0.4061860126600919,0.4027186198054725,0.22947804567658775,0.2044071793281126,0.21694261250235017,8.912157535552979,10.791929006576538
421,0.4061558609682381,0.41228712760094016,0.1019001260444428,0.09779438327537703,0.09984725465990991,8.913410663604736,10.153429746627808
422,0.4068862567180895,0.410246851820566,0.29063166228143145,0.271206569486615,0.2809191158840232,8.812345027923584,10.228265762329102
423,0.40551369302535417,0.40779523632134823,0.2797124273453123,0.2602403038982209,0.26997636562176663,8.866833448410034,10.524420022964478
424,0.4055884984904944,0.41142950649457133,0.09782176822644285,0.09695212269195642,0.09738694545919964,9.042503595352173,10.179603338241577
425,0.40551062285951045,0.40998930922995835,0.09954625054168473,0.09601153063401167,0.0977788905878482,9.325295686721802,10.587554216384888
426,0.40487107977396813,0.4083183799137691,0.24685389534306126,0.23315764593127514,0.24000577063716821,8.920223712921143,10.200108289718628
427,0.40444368423165417,0.4116601206479335,0.10390339374441572,0.10084111233884233,0.10237225304162903,9.426543474197388,10.383198976516724
428,0.4053416085294952,0.41002044501003093,0.14534984534673606,0.13795021592956103,0.14165003063814854,9.392112255096436,10.302819967269897
429,0.4037955305513534,0.40684834147523724,0.07436136356376205,0.0746821088443774,0.07452173620406972,9.006600856781006,10.126253128051758
430,0.40824590151131723,0.41593507383948597,0.2769660380340079,0.24606668850714103,0.2615163632705745,8.819579601287842,10.253031015396118
431,0.40439754990988924,0.41455337921644225,0.20504927382293775,0.20641157750116446,0.2057304256620511,8.899942636489868,10.317792177200317
432,0.4039360455890889,0.4099245999483898,0.10739798668029336,0.10530112354776247,0.10634955511402791,9.7687246799469,10.266052722930908
433,0.4038024058663018,0.4100292689564928,0.1283337218364369,0.1265651215946477,0.1274494217155423,9.021955013275146,10.663730144500732
434,0.40348282450274586,0.4143083536022108,0.28437688258607696,0.26054653344478446,0.2724617080154307,9.039971828460693,10.806610584259033
435,0.40377183878285083,0.410092355580519,0.21031822928985663,0.21031494301874476,0.2103165861543007,9.636947870254517,10.565738201141357
436,0.40330737920339843,0.39815754967695993,0.24665540988196694,0.2464688835367457,0.24656214670935633,9.286170959472656,11.086439847946167
437,0.4032235880748156,0.4026740341906916,0.3354922082716924,0.29902640978642936,0.31725930902906085,8.917726516723633,10.688052654266357
438,0.4035732731755271,0.40386556187921624,0.16529543382190562,0.16919316974325566,0.16724430178258065,9.107964515686035,11.534745931625366
439,0.40227793025057795,0.4070443315800717,0.277798310661962,0.2617458380959239,0.2697720743789429,9.26471734046936,10.668471336364746
440,0.4037228365045791,0.4013227492911954,0.18998359235908807,0.1973887789965362,0.19368618567781215,9.57903790473938,10.529142379760742
441,0.4026292346798837,0.40769226858211105,0.2782698868976425,0.2594113153451634,0.26884060112140296,9.711879014968872,10.376842975616455
442,0.4020275029133751,0.4181835517793812,0.28718193951653187,0.2597269301494759,0.2734544348330039,9.372517108917236,10.55924677848816
443,0.4022947976481414,0.40917865642292595,0.25376109675382297,0.24090084914358725,0.2473309729487051,9.803222179412842,10.597716569900513
444,0.40264272294938686,0.4121999081935463,0.14179159827819973,0.1443066316897018,0.14304911498395076,9.802379369735718,10.625485897064209
445,0.4027623938800758,0.39131831377963505,0.28254749528418593,0.259963114176892,0.27125530473053894,9.821450233459473,10.663201570510864
446,0.40216615326077926,0.4087840007062402,0.17629449000276876,0.1770602561858243,0.17667737309429654,9.424510955810547,10.486342668533325
447,0.4039178014163367,0.40745830841542746,0.2788197954683131,0.2539609250064441,0.2663903602373786,9.50696325302124,10.418405294418335
448,0.4032697035327011,0.40975858072522825,0.13461442288703976,0.12181203291005675,0.12821322789854825,9.662245750427246,10.45005464553833
449,0.4032097763849735,0.40171324425508365,0.1145872752471611,0.1039014382058069,0.109244356726484,9.189525365829468,10.844003677368164
450,0.4031700460548514,0.39736235660642266,0.2746086294109372,0.24251125711038235,0.2585599432606598,10.222759246826172,10.869319677352905
451,0.40302513716879335,0.40488837877147293,0.10112969151251047,0.09534590034567282,0.09823779592909165,9.397981882095337,10.671141624450684
452,0.4030100911068082,0.4135067114697305,0.11228897096702711,0.10779070039127334,0.11003983567915022,9.519554138183594,10.603481769561768
453,0.40144407632532536,0.4076252264539619,0.10886189240284683,0.1043840837385642,0.10662298807070551,10.102666854858398,10.577802181243896
454,0.40099310009157557,0.4057686910685793,0.30611136694057783,0.2811629277047658,0.2936371473226718,9.508475303649902,10.635112762451172
455,0.40075113416805463,0.4078749960637309,0.1894778321633384,0.18736396749226486,0.18842089982780164,10.14451551437378,10.324777841567993
456,0.40068096190558505,0.40588205796455856,0.09575421084675037,0.09242498646540623,0.0940895986560783,9.7014479637146,11.679261922836304
457,0.4018378396735545,0.40545455466678887,0.13378184375131846,0.11949558895173304,0.12663871635152574,9.716091394424438,10.759684801101685
458,0.4017023685756557,0.40411445542687197,0.19828154949225504,0.1768189001758927,0.18755022483407385,9.839294672012329,11.053661108016968
459,0.400997598707802,0.41347048114614154,0.11134064649033294,0.10514429158181143,0.10824246903607218,10.146422863006592,10.805780172348022
460,0.4020896057964798,0.4129383690271296,0.1006679720602083,0.0951348717552863,0.09790142190774731,9.970813035964966,11.202569007873535
461,0.39989333724838855,0.40687698855714105,0.13168258510205724,0.13264888110016007,0.13216573310110866,9.653505802154541,11.2517249584198
462,0.39961801238915257,0.4037210958918464,0.11823029142861512,0.11588719648496906,0.11705874395679208,9.518084287643433,11.45912504196167
463,0.39979047695224584,0.4067837744058789,0.13077325530891445,0.1331855132748754,0.13197938429189493,9.77013874053955,11.220919847488403
464,0.3995948071039612,0.4099159098721744,0.15485551271276174,0.15852727889991303,0.1566913958063374,9.805089235305786,11.206896543502808
465,0.39901984162668824,0.40255866274212565,0.17491937256297194,0.17319582380435644,0.17405759818366418,9.644665956497192,11.707860708236694
466,0.4017963784974079,0.4074242677832128,0.13348332841228028,0.1208080088336987,0.12714566862298948,9.959981203079224,10.880439519882202
467,0.3997564496276725,0.41062086127063063,0.28848539749101976,0.2586203232788998,0.27355286038495974,9.923988342285156,11.750356197357178
468,0.3984878617222046,0.39551359665172076,0.2603126122677853,0.24480857309233703,0.25256059268006115,10.112372875213623,11.026000738143921
469,0.39953001697203455,0.410388035403438,0.1363725124947454,0.1371649756326299,0.13676874406368766,9.596632719039917,11.355271100997925
470,0.39885838244053795,0.3992564434473037,0.27279826525469014,0.24066675260222697,0.25673250892845856,10.415947914123535,11.111340045928955
471,0.39909847005506904,0.3990315837290397,0.2940488783881398,0.2852540255589818,0.2896514519735608,10.043028593063354,11.146318197250366
472,0.3990101057817877,0.39920087415293853,0.07739928073650185,0.07703430519087395,0.0772167929636879,9.620076656341553,11.122148513793945
473,0.3980824018859299,0.4096624219481207,0.21899765544975425,0.20560788871422858,0.21230277208199141,9.976677179336548,11.351940631866455
474,0.39811844018884496,0.39375060561883796,0.2950488250497759,0.26643448186342567,0.2807416534566008,10.427258729934692,11.946025133132935
475,0.3985417581566927,0.40602307765448187,0.22121602461548673,0.20883038849498486,0.2150232065552358,9.995683908462524,12.480797052383423
476,0.3979229262037484,0.4051796253656495,0.10682674939431143,0.10667255045401641,0.10674964992416391,10.19886040687561,11.64636516571045
477,0.3979614331647221,0.3987744630539344,0.3002937821240951,0.26566123530773483,0.282977508715915,10.24551010131836,11.039440631866455
478,0.3972776481170322,0.3992962434948483,0.30201072732200196,0.2726800551300457,0.2873453912260238,10.209800004959106,10.957096338272095
479,0.39689539144323627,0.40881109191005666,0.1326339575418973,0.13348098234543082,0.13305746994366408,10.22208571434021,11.525927066802979
480,0.3972829854659699,0.40814807996230357,0.10829851725266719,0.10776630401176467,0.10803241063221593,10.768285274505615,11.226691961288452
481,0.3963280484619002,0.4084158757839656,0.27506058921720694,0.24811248243657796,0.26158653582689245,10.110560178756714,11.263357877731323
482,0.39684290655602217,0.40316919046150923,0.12134742766752096,0.12056950307200315,0.12095846536976206,10.29585886001587,11.053967475891113
483,0.39659695686583946,0.40622276693603304,0.12532775947949848,0.12973456963825322,0.12753116455887586,9.993919372558594,11.439031600952148
484,0.39692586510760725,0.3939591208184753,0.12268768722510756,0.11838287472087348,0.12053528097299052,10.185312271118164,11.372601509094238
485,0.3967138395518109,0.40214063581495113,0.09734614059748477,0.09916185653877879,0.09825399856813177,10.214909076690674,11.437751054763794
486,0.39651601104068956,0.4055736550029842,0.12817106296775932,0.12383867278571484,0.1260048678767371,10.184658527374268,11.192957162857056
487,0.3963611963241785,0.400913818801444,0.17723563606213918,0.17232033944538058,0.17477798775375988,10.167510509490967,11.174302577972412
488,0.3966144598475352,0.40421189862049406,0.12221714521319564,0.12349519577963712,0.12285617049641638,10.594176054000854,11.59567666053772
489,0.39613112415088275,0.4031762414700808,0.2769213605767587,0.2588001794340682,0.2678607700054134,10.192107677459717,11.459236860275269
490,0.3962032262698812,0.4035758471935014,0.1113559325372472,0.10961380434550674,0.11048486844137698,10.771223783493042,11.580219507217407
491,0.396219666026163,0.40370866280047235,0.10949442672880419,0.10799835999833945,0.10874639336357182,10.674272775650024,11.498578548431396
492,0.39484282941956367,0.400832121784215,0.18806346207875668,0.18431226024966824,0.18618786116421246,10.714037656784058,11.728063583374023
493,0.39545920474426954,0.40399013243380594,0.12294673956930385,0.11961743454651894,0.1212820870579114,10.311258316040039,11.318768501281738
494,0.3951242215794475,0.4017640075758364,0.06761762004167124,0.06621498698453666,0.06691630351310396,11.04639482498169,12.083260774612427
495,0.3947005201064677,0.40338453964319526,0.11447577061786676,0.11302773961739954,0.11375175511763315,10.368443727493286,11.665243864059448
496,0.39400073437116767,0.3987500586149067,0.18526386192056152,0.18270673427893236,0.18398529809974695,10.153228521347046,11.872523784637451
497,0.3942726263777829,0.3936550219682934,0.2602917893696442,0.2430138456371052,0.2516528175033747,10.425596475601196,11.565211534500122
498,0.39485997331771205,0.40661124414866917,0.12362210622532863,0.1270712541654256,0.12534668019537712,10.763472557067871,12.128352165222168
499,0.393873213317034,0.3998145098440599,0.14880103088218144,0.15253042408389314,0.1506657274830373,10.58124041557312,11.463018655776978
500,0.39446722938583445,0.400138271725518,0.09626016106924065,0.09271492167155539,0.09448754137039803,10.634035110473633,11.744394779205322
501,0.39423663115168545,0.4063896237621271,0.13477335072626556,0.1336331975155788,0.1342032741209222,10.289687633514404,11.73674726486206
502,0.3919265808960145,0.40158604511088764,0.10253291040798841,0.10182875698121982,0.10218083369460412,10.543794870376587,13.905078887939453
503,0.3930178173204834,0.39354335147252084,0.3059306141365272,0.2772590545227519,0.29159483432963956,10.330185651779175,11.618699550628662
504,0.3922406649192258,0.40235779217751283,0.09530523837880599,0.09657815436914671,0.09594169637397634,10.247016191482544,11.704047918319702
505,0.39248823057862703,0.4056400134548318,0.12261223204497314,0.12509882995276178,0.12385553099886745,10.13566279411316,11.770390748977661
506,0.3924404529957277,0.4039825235756657,0.28818397122108275,0.26320181108456153,0.27569289115282214,10.278468608856201,12.020774841308594
507,0.3924756327651108,0.4075494795540316,0.12614439744766778,0.12806964920291652,0.12710702332529217,10.838690280914307,12.15055537223816
508,0.3927321306838492,0.4019257541255372,0.13539147162154488,0.13129434384014774,0.1333429077308463,10.902587413787842,11.64523720741272
509,0.3918925140905984,0.4034637511795989,0.27353910809288584,0.2519015983265349,0.2627203532097104,10.238242387771606,11.901721239089966
510,0.39184728162912136,0.39261618890317707,0.25276248787276684,0.2335777374967371,0.24317011268475197,10.706754684448242,11.856280088424683
511,0.40050363160397895,0.404979594137457,0.05346647134727511,0.05408930229788097,0.053777886822578044,10.911545038223267,12.21575665473938
512,0.39122525387610263,0.4048624312312083,0.1189349662009713,0.12289844008798416,0.12091670314447772,10.175335884094238,11.573635578155518
513,0.39094095381077837,0.4002318483341106,0.2091853605854776,0.20016831957776818,0.2046768400816229,11.02437448501587,12.150077104568481
514,0.3908778723125259,0.40548597426074096,0.1228206898560837,0.1250776352710954,0.12394916256358954,10.696568727493286,12.152868032455444
515,0.39962420574680785,0.3996353005645972,0.09818263358985087,0.10339636197228574,0.1007894977810683,10.762325286865234,11.547826290130615
516,0.39923604719355305,0.3945778024208813,0.2045943817095859,0.20376707574398217,0.20418072872678406,11.021210193634033,11.981024980545044
517,0.38967851399554027,0.40103555202871066,0.08293552446587583,0.08477768494235251,0.08385660470411417,10.842381715774536,12.241198539733887
518,0.400465824991506,0.3963122819029068,0.16979856846919636,0.1701065717168453,0.16995257009302084,10.582414627075195,13.085681676864624
519,0.3948721629204759,0.4052053837999787,0.09753357986405502,0.10057846775225536,0.09905602380815519,10.724454402923584,12.144470930099487
520,0.3887455312323356,0.3996791072747334,0.1886400299781924,0.18843100514187575,0.18853551756003406,10.56986403465271,12.095529794692993
521,0.3998934937456288,0.39014332479160196,0.19709545892285762,0.19292107853125612,0.19500826872705687,10.75993824005127,12.339557647705078
522,0.39247633071131877,0.4012008507649581,0.08430920762683247,0.08125802710624458,0.08278361736653853,11.339823961257935,12.454265594482422
523,0.3947525884459535,0.4022534425685678,0.2548286632375291,0.2484603769659903,0.2516445201017597,10.781299591064453,12.059654712677002
524,0.39938612248865685,0.3864591274996909,0.19613960864788074,0.1935313584334034,0.19483548354064206,10.660871982574463,12.167977809906006
525,0.399094176288637,0.39442498409090315,0.24336750733727383,0.23345014973679257,0.2384088285370332,10.89408016204834,12.184446334838867
526,0.39474593480194214,0.39745316259154545,0.06783446805019056,0.06617248029211226,0.0670034741711514,10.826430797576904,13.1131010055542
527,0.3992953769985373,0.40531793250056247,0.04726862966882289,0.04889474137124624,0.04808168552003457,11.233323097229004,11.894739389419556
528,0.39434160951873976,0.39980485898636997,0.15598683901473817,0.1562266932161118,0.15610676611542498,10.734709739685059,12.359805345535278
529,0.39527502150215205,0.3993893586527432,0.203646270150549,0.18670015043418303,0.195173210292366,10.958178281784058,12.03622055053711
530,0.39894144033329887,0.38938423582450354,0.20094513751565898,0.19534465162451395,0.19814489457008647,11.203246355056763,12.115854740142822
531,0.39895406851014104,0.40322070409088817,0.04859236533506641,0.048498310375301806,0.04854533785518411,10.410480260848999,12.658217191696167
532,0.395083745160571,0.4031763269381076,0.09742253662900768,0.09392458971294199,0.09567356317097483,11.2859206199646,12.291999101638794
533,0.39876081007929615,0.39341003769841554,0.24898548483393632,0.22028879977901822,0.23463714230647725,10.971818923950195,12.084987878799438
534,0.398855190094854,0.3958818724848108,0.15230378669715952,0.14220265789818265,0.14725322229767107,11.105216026306152,12.438707828521729
535,0.3987998182603158,0.4002360173989274,0.06136499233876065,0.06159996605499412,0.06148247919687738,10.984976768493652,12.271399974822998
536,0.39827413666001177,0.40416955144956423,0.044538962783525676,0.04495735572128773,0.0447481592524067,11.892642736434937,13.119382619857788
537,0.397829300326765,0.39885867274177395,0.10974814219993827,0.10871678618428693,0.1092324641921126,11.139625787734985,12.098023653030396
538,0.39823647251445876,0.39395293679761484,0.19653681400586467,0.2014417715120845,0.1989892927589746,11.410991907119751,12.315438270568848
539,0.39651880087865005,0.39105841132192676,0.2344882979526272,0.2232573551830137,0.22887282656782046,11.29363203048706,12.018989086151123
540,0.39828200801707997,0.4035462913037656,0.04370939818108014,0.0451651651258367,0.04443728165345842,11.438404560089111,12.498059749603271
541,0.39796749748999893,0.38822381422797547,0.20430262285299394,0.19449178776966325,0.1993972053113286,11.298580646514893,12.368277072906494
542,0.397739813674919,0.3928316444093054,0.1188037664709743,0.121151817430807,0.11997779195089064,10.983193635940552,12.570681095123291
543,0.39801446261642587,0.39425207842696386,0.18353368200444325,0.18200131080598206,0.18276749640521267,10.93685245513916,12.168335199356079
544,0.39668656734328944,0.40342422610793816,0.04876755171407161,0.04987493912780381,0.04932124542093771,11.199138164520264,12.947376489639282
545,0.39764260518219163,0.40323224191994544,0.044555687028365765,0.04604079527125592,0.04529824114981085,11.310163021087646,12.85961651802063
546,0.3975041609514615,0.389182817259376,0.16200807649335033,0.1586401750288745,0.16032412576111243,11.23194932937622,13.067009449005127
547,0.39736155414672275,0.38678209659415014,0.2187194100213451,0.20435671860628993,0.2115380643138175,11.656774282455444,12.495748281478882
548,0.3965648715178864,0.3917291657551244,0.258815258926687,0.24204301434916903,0.250429136637928,11.020736455917358,13.186866283416748
549,0.39697079125352297,0.4033420055159223,0.046335270533332314,0.04727098050924453,0.04680312552128842,11.170848369598389,12.746803998947144
550,0.3963635594738294,0.389783200394584,0.1857016651908957,0.18028073804590986,0.18299120161840277,11.839761018753052,12.280972003936768
551,0.39692710723350294,0.3944492508598588,0.10105878653114908,0.09845551540964242,0.09975715097039575,11.5316903591156,13.071264266967773
552,0.39629123080516665,0.39480065929913877,0.10717013924778826,0.10728497371714131,0.10722755648246479,11.72384238243103,12.39597225189209
553,0.39597774658226587,0.4009515820572233,0.11517560075558178,0.12140838129418259,0.11829199102488219,11.6882643699646,13.02299952507019
554,0.3965399879578784,0.3965511684396117,0.10341318266672272,0.10642356803111809,0.1049183753489204,11.14873743057251,13.128446817398071
555,0.39618663025146494,0.39387453772405456,0.24269613337254858,0.23825822881647588,0.24047718109451222,11.797216653823853,12.59711217880249
556,0.39560742038817814,0.39103321158733995,0.2575729366789585,0.2645863683547711,0.2610796525168648,11.758321285247803,12.506153345108032
557,0.39583310461624477,0.3964468447518597,0.10961724169258695,0.10860143654262269,0.10910933911760481,11.706395864486694,12.674573183059692
558,0.3952111189715048,0.39431445507742485,0.11766276806012949,0.1152093056649609,0.1164360368625452,11.526222705841064,12.867480278015137
559,0.39545729550509795,0.40052492285869024,0.2852921801833335,0.28011943257043104,0.28270580637688225,12.11098837852478,12.3729248046875
560,0.4001778165836829,0.3957464479068398,0.08902872929014753,0.08351990518301254,0.08627431723658004,11.765681266784668,12.8337881565094
561,0.3998031016936047,0.4017210130742034,0.02308373482013656,0.022452839696312853,0.022768287258224707,11.590458393096924,13.02204942703247
562,0.39452477245007334,0.3854411146899795,0.22892157259632967,0.20118321123359773,0.2150523919149637,11.670984983444214,13.040327310562134
563,0.394742037389276,0.3894182811820359,0.1942039644123493,0.18721144161262454,0.1907077030124869,12.22868013381958,12.761257410049438
564,0.39934229156860207,0.3947496306858969,0.12660372749562313,0.12749266004397572,0.12704819376979942,12.12804388999939,12.655817031860352
565,0.3937014957515677,0.3984805156064862,0.04993917978155047,0.05092136346183302,0.050430271621691745,12.044000625610352,12.726024389266968
566,0.39423921958932845,0.40140795694323156,0.07601524744334442,0.07452097486045497,0.0752681111518997,11.606991052627563,12.841427564620972
567,0.39384033245557115,0.37708155385694014,0.27926959388251554,0.2696157360030772,0.27444266494279634,12.205300569534302,12.74559497833252
568,0.3936560243260949,0.3869211683096132,0.2613072817887715,0.2333201768866025,0.247313729337687,11.526079177856445,12.780006170272827
569,0.39433097994898747,0.39691876864168046,0.03411172410645932,0.03344983825597667,0.033780781181217995,11.577224254608154,12.886399269104004
570,0.3942571854497545,0.39189253445857364,0.12124400385725588,0.12143678478633019,0.12134039432179303,11.415569305419922,13.141427993774414
571,0.39324813948549386,0.3935297748072812,0.03762337346354753,0.03596625738954694,0.03679481542654724,12.742629051208496,12.97981572151184
572,0.3927942725823127,0.38298582902446054,0.24402142731592263,0.23858024587244578,0.24130083659418422,12.372202634811401,13.564821004867554
573,0.398656156547797,0.39967858030252146,0.026256221310105313,0.02429325570699386,0.025274738508549586,12.054515361785889,12.72565746307373
574,0.39292332466877683,0.3978780723003455,0.045336353002473524,0.04691060099473292,0.046123476998603224,11.74056887626648,13.784385442733765
575,0.39233689168445207,0.39125824559655176,0.06160467665459358,0.06418476223653993,0.06289471944556675,11.854931831359863,13.29177737236023
576,0.3921836926145022,0.39827141004660893,0.06937210485852076,0.06938678588702128,0.06937944537277102,12.38983154296875,12.799830198287964
577,0.3924709186823653,0.39260249373346084,0.019621553885670513,0.019454737972266385,0.01953814592896845,12.205113172531128,12.854798555374146
578,0.391806641017011,0.39201827150902485,0.1623965916999539,0.15395471022722432,0.1581756509635891,11.379257678985596,13.504960775375366
579,0.39208038643420634,0.39264257233155375,0.022300944628067445,0.021324434321592815,0.02181268947483013,12.073872566223145,13.259361743927002
580,0.39148710559915406,0.39371239621548476,0.15244492291718087,0.15434564537569248,0.15339528414643666,11.576063632965088,12.948385000228882
581,0.3913981454470869,0.39635858263409923,0.07356856076754863,0.07117376034852792,0.07237116055803827,12.023270845413208,13.220597743988037
582,0.39086251240433434,0.39326731020173433,0.023823635402907717,0.023796399614683578,0.023810017508795647,12.176926612854004,12.956509113311768
583,0.3970403681860644,0.3949923220616342,0.25347067580361665,0.24565466133309324,0.24956266856835496,12.409021377563477,12.986302852630615
584,0.3908595632849466,0.3906008301910307,0.022755277263946584,0.021900133472312098,0.022327705368129343,12.245156526565552,13.595779418945312
585,0.39041927512319846,0.3967642309887397,0.1386765176069261,0.1444045765415166,0.14154054707422134,11.725648880004883,13.245797872543335
586,0.3901203488115642,0.39546322101766324,0.06574258253339439,0.06554480135975416,0.06564369194657427,11.955678701400757,13.663944959640503
587,0.38995773587590926,0.390904356402903,0.24354203624308812,0.24067303319836328,0.24210753472072571,12.74083662033081,13.283149480819702
588,0.3898080814100725,0.39572551496274677,0.06925862070956347,0.06415765057411248,0.06670813564183797,12.012509107589722,13.13015341758728
589,0.3896330453895676,0.3857114269830202,0.27083777779337015,0.25771662400075424,0.2642772008970622,12.289432764053345,13.257537841796875
590,0.39093705867797907,0.3880947890406776,0.09945924612958383,0.10151091643092401,0.10048508128025392,11.821675777435303,12.94827651977539
591,0.3890130163305909,0.38966288187018155,0.020287336818738535,0.01928139270248245,0.01978436476061049,12.224807262420654,13.485231876373291
592,0.38927795109173774,0.38901052022515925,0.10376094580658461,0.11013516748204606,0.10694805664431534,12.233983755111694,13.306166410446167
593,0.3892699549475294,0.39857535504801594,0.2615493438970688,0.2412721451810436,0.2514107445390562,12.332705020904541,13.522844076156616
594,0.39012235470014994,0.39162606945094375,0.10084982413664369,0.10050782614188566,0.10067882513926468,11.877361297607422,13.499966144561768
595,0.3886322943477119,0.4013021758376839,0.2529650519607337,0.23029737554649013,0.2416312137536119,12.215298414230347,12.82210659980774
596,0.3884409227097106,0.3996169004186012,0.252810171601611,0.23371905982304364,0.24326461571232733,12.056439638137817,13.15045952796936
597,0.3882361074071345,0.38527450033831717,0.05565052855773537,0.057200081345240725,0.05642530495148805,12.448631525039673,13.250712156295776
598,0.3880729137442322,0.3898276875251348,0.04209577469353879,0.03905683301947921,0.040576303856509,12.362160921096802,13.50930118560791
